﻿<!--          
uiIndex			The unique index of the person
Hidden			1 = person name will be hidden in tactical, 0 = person name will be visible in tactical
description		Optional and not used in game. Used to easily identify the person here in the xml file
-->

<HIDDENNAMES>
	<!-- AIM -->
	<NAME>
		<uiIndex>0</uiIndex>
		<Hidden>0</Hidden>
	</NAME>
	<NAME>
		<uiIndex>1</uiIndex>
		<Hidden>0</Hidden>
	</NAME>
	<NAME>
		<uiIndex>2</uiIndex>
		<Hidden>0</Hidden>
	</NAME>
	<NAME>
		<uiIndex>3</uiIndex>
		<Hidden>0</Hidden>
	</NAME>
	<NAME>
		<uiIndex>4</uiIndex>
		<Hidden>0</Hidden>
	</NAME>
	<NAME>
		<uiIndex>5</uiIndex>
		<Hidden>0</Hidden>
	</NAME>
	<NAME>
		<uiIndex>6</uiIndex>
		<Hidden>0</Hidden>
	</NAME>
	<NAME>
		<uiIndex>7</uiIndex>
		<Hidden>0</Hidden>
	</NAME>
	<NAME>
		<uiIndex>8</uiIndex>
		<Hidden>0</Hidden>
	</NAME>
	<NAME>
		<uiIndex>9</uiIndex>
		<Hidden>0</Hidden>
	</NAME>
	<NAME>
		<uiIndex>10</uiIndex>
		<Hidden>0</Hidden>
	</NAME>
	<NAME>
		<uiIndex>11</uiIndex>
		<Hidden>0</Hidden>
	</NAME>
	<NAME>
		<uiIndex>12</uiIndex>
		<Hidden>0</Hidden>
	</NAME>
	<NAME>
		<uiIndex>13</uiIndex>
		<Hidden>0</Hidden>
	</NAME>
	<NAME>
		<uiIndex>14</uiIndex>
		<Hidden>0</Hidden>
	</NAME>
	<NAME>
		<uiIndex>15</uiIndex>
		<Hidden>0</Hidden>
	</NAME>
	<NAME>
		<uiIndex>16</uiIndex>
		<Hidden>0</Hidden>
	</NAME>
	<NAME>
		<uiIndex>17</uiIndex>
		<Hidden>0</Hidden>
	</NAME>
	<NAME>
		<uiIndex>18</uiIndex>
		<Hidden>0</Hidden>
	</NAME>
	<NAME>
		<uiIndex>19</uiIndex>
		<Hidden>0</Hidden>
	</NAME>
	<NAME>
		<uiIndex>20</uiIndex>
		<Hidden>0</Hidden>
	</NAME>
	<NAME>
		<uiIndex>21</uiIndex>
		<Hidden>0</Hidden>
	</NAME>
	<NAME>
		<uiIndex>22</uiIndex>
		<Hidden>0</Hidden>
	</NAME>
	<NAME>
		<uiIndex>23</uiIndex>
		<Hidden>0</Hidden>
	</NAME>
	<NAME>
		<uiIndex>24</uiIndex>
		<Hidden>0</Hidden>
	</NAME>
	<NAME>
		<uiIndex>25</uiIndex>
		<Hidden>0</Hidden>
	</NAME>
	<NAME>
		<uiIndex>26</uiIndex>
		<Hidden>0</Hidden>
	</NAME>
	<NAME>
		<uiIndex>27</uiIndex>
		<Hidden>0</Hidden>
	</NAME>
	<NAME>
		<uiIndex>28</uiIndex>
		<Hidden>0</Hidden>
	</NAME>
	<NAME>
		<uiIndex>29</uiIndex>
		<Hidden>0</Hidden>
	</NAME>
	<NAME>
		<uiIndex>30</uiIndex>
		<Hidden>0</Hidden>
	</NAME>
	<NAME>
		<uiIndex>31</uiIndex>
		<Hidden>0</Hidden>
	</NAME>
	<NAME>
		<uiIndex>32</uiIndex>
		<Hidden>0</Hidden>
	</NAME>
	<NAME>
		<uiIndex>33</uiIndex>
		<Hidden>0</Hidden>
	</NAME>
	<NAME>
		<uiIndex>34</uiIndex>
		<Hidden>0</Hidden>
	</NAME>
	<NAME>
		<uiIndex>35</uiIndex>
		<Hidden>0</Hidden>
	</NAME>
	<NAME>
		<uiIndex>36</uiIndex>
		<Hidden>0</Hidden>
	</NAME>
	<NAME>
		<uiIndex>37</uiIndex>
		<Hidden>0</Hidden>
	</NAME>
	<NAME>
		<uiIndex>38</uiIndex>
		<Hidden>0</Hidden>
	</NAME>
	<NAME>
		<uiIndex>39</uiIndex>
		<Hidden>0</Hidden>
	</NAME>
	<!-- MERC -->
	<NAME>
		<uiIndex>40</uiIndex>
		<Hidden>0</Hidden>
	</NAME>
	<NAME>
		<uiIndex>41</uiIndex>
		<Hidden>0</Hidden>
	</NAME>
	<NAME>
		<uiIndex>42</uiIndex>
		<Hidden>0</Hidden>
	</NAME>
	<NAME>
		<uiIndex>43</uiIndex>
		<Hidden>0</Hidden>
	</NAME>
	<NAME>
		<uiIndex>44</uiIndex>
		<Hidden>0</Hidden>
	</NAME>
	<NAME>
		<uiIndex>45</uiIndex>
		<Hidden>0</Hidden>
	</NAME>
	<NAME>
		<uiIndex>46</uiIndex>
		<Hidden>0</Hidden>
	</NAME>
	<NAME>
		<uiIndex>47</uiIndex>
		<Hidden>0</Hidden>
	</NAME>
	<NAME>
		<uiIndex>48</uiIndex>
		<Hidden>0</Hidden>
	</NAME>
	<NAME>
		<uiIndex>49</uiIndex>
		<Hidden>0</Hidden>
	</NAME>
	<NAME>
		<uiIndex>50</uiIndex>
		<Hidden>0</Hidden>
	</NAME>
	<!-- IMP -->
	<NAME>
		<uiIndex>51</uiIndex>
		<Hidden>0</Hidden>
	</NAME>
	<NAME>
		<uiIndex>52</uiIndex>
		<Hidden>0</Hidden>
	</NAME>
	<NAME>
		<uiIndex>53</uiIndex>
		<Hidden>0</Hidden>
	</NAME>
	<NAME>
		<uiIndex>54</uiIndex>
		<Hidden>0</Hidden>
	</NAME>
	<NAME>
		<uiIndex>55</uiIndex>
		<Hidden>0</Hidden>
	</NAME>
	<NAME>
		<uiIndex>56</uiIndex>
		<Hidden>0</Hidden>
	</NAME>
	<!-- NPC\RPC\EPC -->
	<NAME>
		<uiIndex>57</uiIndex>
		<Hidden>1</Hidden>
	</NAME>
	<NAME>
		<uiIndex>58</uiIndex>
		<Hidden>1</Hidden>
	</NAME>
	<NAME>
		<uiIndex>59</uiIndex>
		<Hidden>1</Hidden>
	</NAME>
	<NAME>
		<uiIndex>60</uiIndex>
		<Hidden>1</Hidden>
	</NAME>
	<NAME>
		<uiIndex>61</uiIndex>
		<Hidden>1</Hidden>
	</NAME>
	<NAME>
		<uiIndex>62</uiIndex>
		<Hidden>1</Hidden>
	</NAME>
	<NAME>
		<uiIndex>63</uiIndex>
		<Hidden>1</Hidden>
	</NAME>
	<NAME>
		<uiIndex>64</uiIndex>
		<Hidden>1</Hidden>
	</NAME>
	<NAME>
		<uiIndex>65</uiIndex>
		<Hidden>1</Hidden>
	</NAME>
	<NAME>
		<uiIndex>66</uiIndex>
		<Hidden>1</Hidden>
	</NAME>
	<NAME>
		<uiIndex>67</uiIndex>
		<Hidden>1</Hidden>
	</NAME>
	<NAME>
		<uiIndex>68</uiIndex>
		<Hidden>1</Hidden>
	</NAME>
	<NAME>
		<uiIndex>69</uiIndex>
		<Hidden>1</Hidden>
	</NAME>
	<NAME>
		<uiIndex>70</uiIndex>
		<Hidden>1</Hidden>
	</NAME>
	<NAME>
		<uiIndex>71</uiIndex>
		<Hidden>1</Hidden>
	</NAME>
	<NAME>
		<uiIndex>72</uiIndex>
		<Hidden>1</Hidden>
	</NAME>
	<NAME>
		<uiIndex>73</uiIndex>
		<Hidden>1</Hidden>
	</NAME>
	<NAME>
		<uiIndex>74</uiIndex>
		<Hidden>1</Hidden>
	</NAME>
	<NAME>
		<uiIndex>75</uiIndex>
		<Hidden>1</Hidden>
	</NAME>
	<NAME>
		<uiIndex>76</uiIndex>
		<Hidden>1</Hidden>
	</NAME>
	<NAME>
		<uiIndex>77</uiIndex>
		<Hidden>1</Hidden>
	</NAME>
	<NAME>
		<uiIndex>78</uiIndex>
		<Hidden>1</Hidden>
	</NAME>
	<NAME>
		<uiIndex>79</uiIndex>
		<Hidden>1</Hidden>
	</NAME>
	<NAME>
		<uiIndex>80</uiIndex>
		<Hidden>1</Hidden>
	</NAME>
	<NAME>
		<uiIndex>81</uiIndex>
		<Hidden>1</Hidden>
	</NAME>
	<NAME>
		<uiIndex>82</uiIndex>
		<Hidden>1</Hidden>
	</NAME>
	<NAME>
		<uiIndex>83</uiIndex>
		<Hidden>1</Hidden>
	</NAME>
	<NAME>
		<uiIndex>84</uiIndex>
		<Hidden>1</Hidden>
	</NAME>
	<NAME>
		<uiIndex>85</uiIndex>
		<Hidden>1</Hidden>
	</NAME>
	<NAME>
		<uiIndex>86</uiIndex>
		<Hidden>1</Hidden>
	</NAME>
	<NAME>
		<uiIndex>87</uiIndex>
		<Hidden>1</Hidden>
	</NAME>
	<NAME>
		<uiIndex>88</uiIndex>
		<Hidden>1</Hidden>
	</NAME>
	<NAME>
		<uiIndex>89</uiIndex>
		<Hidden>1</Hidden>
	</NAME>
	<NAME>
		<uiIndex>90</uiIndex>
		<Hidden>1</Hidden>
	</NAME>
	<NAME>
		<uiIndex>91</uiIndex>
		<Hidden>1</Hidden>
	</NAME>
	<NAME>
		<uiIndex>92</uiIndex>
		<Hidden>1</Hidden>
	</NAME>
	<NAME>
		<uiIndex>93</uiIndex>
		<Hidden>1</Hidden>
	</NAME>
	<NAME>
		<uiIndex>94</uiIndex>
		<Hidden>1</Hidden>
	</NAME>
	<NAME>
		<uiIndex>95</uiIndex>
		<Hidden>1</Hidden>
	</NAME>
	<NAME>
		<uiIndex>96</uiIndex>
		<Hidden>1</Hidden>
	</NAME>
	<NAME>
		<uiIndex>97</uiIndex>
		<Hidden>1</Hidden>
	</NAME>
	<NAME>
		<uiIndex>98</uiIndex>
		<Hidden>1</Hidden>
	</NAME>
	<NAME>
		<uiIndex>99</uiIndex>
		<Hidden>1</Hidden>
	</NAME>
	<NAME>
		<uiIndex>100</uiIndex>
		<Hidden>1</Hidden>
	</NAME>
	<NAME>
		<uiIndex>101</uiIndex>
		<Hidden>1</Hidden>
	</NAME>
	<NAME>
		<uiIndex>102</uiIndex>
		<Hidden>1</Hidden>
	</NAME>
	<NAME>
		<uiIndex>103</uiIndex>
		<Hidden>1</Hidden>
	</NAME>
	<NAME>
		<uiIndex>104</uiIndex>
		<Hidden>1</Hidden>
	</NAME>
	<NAME>
		<uiIndex>105</uiIndex>
		<Hidden>1</Hidden>
	</NAME>
	<NAME>
		<uiIndex>106</uiIndex>
		<Hidden>1</Hidden>
	</NAME>
	<NAME>
		<uiIndex>107</uiIndex>
		<Hidden>1</Hidden>
	</NAME>
	<NAME>
		<uiIndex>108</uiIndex>
		<Hidden>1</Hidden>
	</NAME>
	<NAME>
		<uiIndex>109</uiIndex>
		<Hidden>1</Hidden>
	</NAME>
	<NAME>
		<uiIndex>110</uiIndex>
		<Hidden>1</Hidden>
	</NAME>
	<NAME>
		<uiIndex>111</uiIndex>
		<Hidden>1</Hidden>
	</NAME>
	<NAME>
		<uiIndex>112</uiIndex>
		<Hidden>1</Hidden>
	</NAME>
	<NAME>
		<uiIndex>113</uiIndex>
		<Hidden>1</Hidden>
	</NAME>
	<NAME>
		<uiIndex>114</uiIndex>
		<Hidden>1</Hidden>
	</NAME>
	<NAME>
		<uiIndex>115</uiIndex>
		<Hidden>1</Hidden>
	</NAME>
	<NAME>
		<uiIndex>116</uiIndex>
		<Hidden>1</Hidden>
	</NAME>
	<NAME>
		<uiIndex>117</uiIndex>
		<Hidden>1</Hidden>
	</NAME>
	<NAME>
		<uiIndex>118</uiIndex>
		<Hidden>1</Hidden>
	</NAME>
	<NAME>
		<uiIndex>119</uiIndex>
		<Hidden>1</Hidden>
	</NAME>
	<NAME>
		<uiIndex>120</uiIndex>
		<Hidden>1</Hidden>
	</NAME>
	<NAME>
		<uiIndex>121</uiIndex>
		<Hidden>1</Hidden>
	</NAME>
	<NAME>
		<uiIndex>122</uiIndex>
		<Hidden>1</Hidden>
	</NAME>
	<NAME>
		<uiIndex>123</uiIndex>
		<Hidden>1</Hidden>
	</NAME>
	<NAME>
		<uiIndex>124</uiIndex>
		<Hidden>1</Hidden>
	</NAME>
	<NAME>
		<uiIndex>125</uiIndex>
		<Hidden>1</Hidden>
	</NAME>
	<NAME>
		<uiIndex>126</uiIndex>
		<Hidden>1</Hidden>
	</NAME>
	<NAME>
		<uiIndex>127</uiIndex>
		<Hidden>1</Hidden>
	</NAME>
	<NAME>
		<uiIndex>128</uiIndex>
		<Hidden>1</Hidden>
	</NAME>
	<NAME>
		<uiIndex>129</uiIndex>
		<Hidden>1</Hidden>
	</NAME>
	<NAME>
		<uiIndex>130</uiIndex>
		<Hidden>1</Hidden>
	</NAME>
	<NAME>
		<uiIndex>131</uiIndex>
		<Hidden>1</Hidden>
	</NAME>
	<NAME>
		<uiIndex>132</uiIndex>
		<Hidden>1</Hidden>
	</NAME>
	<NAME>
		<uiIndex>133</uiIndex>
		<Hidden>1</Hidden>
	</NAME>
	<NAME>
		<uiIndex>134</uiIndex>
		<Hidden>1</Hidden>
	</NAME>
	<NAME>
		<uiIndex>135</uiIndex>
		<Hidden>1</Hidden>
	</NAME>
	<NAME>
		<uiIndex>136</uiIndex>
		<Hidden>1</Hidden>
	</NAME>
	<NAME>
		<uiIndex>137</uiIndex>
		<Hidden>1</Hidden>
	</NAME>
	<NAME>
		<uiIndex>138</uiIndex>
		<Hidden>1</Hidden>
	</NAME>
	<NAME>
		<uiIndex>139</uiIndex>
		<Hidden>1</Hidden>
	</NAME>
	<NAME>
		<uiIndex>140</uiIndex>
		<Hidden>1</Hidden>
	</NAME>
	<NAME>
		<uiIndex>141</uiIndex>
		<Hidden>1</Hidden>
	</NAME>
	<NAME>
		<uiIndex>142</uiIndex>
		<Hidden>1</Hidden>
	</NAME>
	<NAME>
		<uiIndex>143</uiIndex>
		<Hidden>1</Hidden>
	</NAME>
	<NAME>
		<uiIndex>144</uiIndex>
		<Hidden>1</Hidden>
	</NAME>
	<NAME>
		<uiIndex>145</uiIndex>
		<Hidden>1</Hidden>
	</NAME>
	<NAME>
		<uiIndex>146</uiIndex>
		<Hidden>1</Hidden>
	</NAME>
	<NAME>
		<uiIndex>147</uiIndex>
		<Hidden>1</Hidden>
	</NAME>
	<NAME>
		<uiIndex>148</uiIndex>
		<Hidden>1</Hidden>
	</NAME>
	<NAME>
		<uiIndex>149</uiIndex>
		<Hidden>1</Hidden>
	</NAME>
	<NAME>
		<uiIndex>150</uiIndex>
		<Hidden>1</Hidden>
	</NAME>
	<NAME>
		<uiIndex>151</uiIndex>
		<Hidden>1</Hidden>
	</NAME>
	<NAME>
		<uiIndex>152</uiIndex>
		<Hidden>1</Hidden>
	</NAME>
	<NAME>
		<uiIndex>153</uiIndex>
		<Hidden>1</Hidden>
	</NAME>
	<NAME>
		<uiIndex>154</uiIndex>
		<Hidden>1</Hidden>
	</NAME>
	<NAME>
		<uiIndex>155</uiIndex>
		<Hidden>1</Hidden>
	</NAME>
	<NAME>
		<uiIndex>156</uiIndex>
		<Hidden>1</Hidden>
	</NAME>
	<NAME>
		<uiIndex>157</uiIndex>
		<Hidden>1</Hidden>
	</NAME>
	<NAME>
		<uiIndex>158</uiIndex>
		<Hidden>1</Hidden>
	</NAME>
	<NAME>
		<uiIndex>159</uiIndex>
		<Hidden>0</Hidden>
	</NAME>
	<NAME>
		<uiIndex>160</uiIndex>
		<Hidden>0</Hidden>
	</NAME>
	<NAME>
		<uiIndex>161</uiIndex>
		<Hidden>0</Hidden>
	</NAME>
	<NAME>
		<uiIndex>162</uiIndex>
		<Hidden>0</Hidden>
	</NAME>
	<NAME>
		<uiIndex>163</uiIndex>
		<Hidden>1</Hidden>
	</NAME>
	<NAME>
		<uiIndex>164</uiIndex>
		<Hidden>1</Hidden>
	</NAME>
	<NAME>
		<description>Gaston</description>
		<uiIndex>165</uiIndex>
		<Hidden>0</Hidden>
	</NAME>
	<NAME>
		<description>Stogie</description>
		<uiIndex>166</uiIndex>
		<Hidden>0</Hidden>
	</NAME>
	<NAME>
		<description>Tex</description>
		<uiIndex>167</uiIndex>
		<Hidden>0</Hidden>
	</NAME>
	<NAME>
		<description>Biggins</description>
		<uiIndex>168</uiIndex>
		<Hidden>0</Hidden>
	</NAME>
	<NAME>
		<uiIndex>169</uiIndex>
		<Hidden>1</Hidden>
	</NAME>
	<NAME>
		<uiIndex>170</uiIndex>
		<Hidden>0</Hidden>
	</NAME>
	<NAME>
		<uiIndex>171</uiIndex>
		<Hidden>0</Hidden>
	</NAME>
	<NAME>
		<uiIndex>172</uiIndex>
		<Hidden>0</Hidden>
	</NAME>
	<NAME>
		<uiIndex>173</uiIndex>
		<Hidden>0</Hidden>
	</NAME>
	<NAME>
		<uiIndex>174</uiIndex>
		<Hidden>0</Hidden>
	</NAME>
	<NAME>
		<uiIndex>175</uiIndex>
		<Hidden>0</Hidden>
	</NAME>
	<NAME>
		<uiIndex>176</uiIndex>
		<Hidden>0</Hidden>
	</NAME>
	<NAME>
		<uiIndex>177</uiIndex>
		<Hidden>0</Hidden>
	</NAME>
	<NAME>
		<uiIndex>179</uiIndex>
		<Hidden>0</Hidden>
	</NAME>
	<NAME>
		<uiIndex>180</uiIndex>
		<Hidden>0</Hidden>
	</NAME>
	<NAME>
		<uiIndex>181</uiIndex>
		<Hidden>0</Hidden>
	</NAME>
	<NAME>
		<uiIndex>182</uiIndex>
		<Hidden>0</Hidden>
	</NAME>
	<NAME>
		<uiIndex>183</uiIndex>
		<Hidden>0</Hidden>
	</NAME>
</HIDDENNAMES>
