<AIM_AVAILABLES>
	<AIM>
		<uiIndex>0</uiIndex>
		<description>Barry</description>
		<ProfilId>0</ProfilId>
		<AimBioID>0</AimBioID>
	</AIM>
	<AIM>
		<uiIndex>1</uiIndex>
		<description>Blood</description>
		<ProfilId>1</ProfilId>
		<AimBioID>1</AimBioID>
	</AIM>
	<AIM>
		<uiIndex>2</uiIndex>
		<description>Lynx</description>
		<ProfilId>2</ProfilId>
		<AimBioID>2</AimBioID>
	</AIM>
	<AIM>
		<uiIndex>3</uiIndex>
		<description>Grizzly</description>
		<ProfilId>3</ProfilId>
		<AimBioID>3</AimBioID>
	</AIM>
	<AIM>
		<uiIndex>4</uiIndex>
		<description>Vicki</description>
		<ProfilId>4</ProfilId>
		<AimBioID>4</AimBioID>
	</AIM>
	<AIM>
		<uiIndex>5</uiIndex>
		<description>Trevor</description>
		<ProfilId>5</ProfilId>
		<AimBioID>5</AimBioID>
	</AIM>
	<AIM>
		<uiIndex>6</uiIndex>
		<description>Grunty</description>
		<ProfilId>6</ProfilId>
		<AimBioID>6</AimBioID>
	</AIM>
	<AIM>
		<uiIndex>7</uiIndex>
		<description>Ivan</description>
		<ProfilId>7</ProfilId>
		<AimBioID>7</AimBioID>
	</AIM>
	<AIM>
		<uiIndex>8</uiIndex>
		<description>Steroid</description>
		<ProfilId>8</ProfilId>
		<AimBioID>8</AimBioID>
	</AIM>
	<AIM>
		<uiIndex>9</uiIndex>
		<description>Igor</description>
		<ProfilId>9</ProfilId>
		<AimBioID>9</AimBioID>
	</AIM>
	<AIM>
		<uiIndex>10</uiIndex>
		<description>Shadow</description>
		<ProfilId>10</ProfilId>
		<AimBioID>10</AimBioID>
	</AIM>
	<AIM>
		<uiIndex>11</uiIndex>
		<description>Red</description>
		<ProfilId>11</ProfilId>
		<AimBioID>11</AimBioID>
	</AIM>
	<AIM>
		<uiIndex>12</uiIndex>
		<description>Reaper</description>
		<ProfilId>12</ProfilId>
		<AimBioID>12</AimBioID>
	</AIM>
	<AIM>
		<uiIndex>13</uiIndex>
		<description>Fidel</description>
		<ProfilId>13</ProfilId>
		<AimBioID>13</AimBioID>
	</AIM>
	<AIM>
		<uiIndex>14</uiIndex>
		<description>Fox</description>
		<ProfilId>14</ProfilId>
		<AimBioID>14</AimBioID>
	</AIM>
	<AIM>
		<uiIndex>15</uiIndex>
		<description>Sidney</description>
		<ProfilId>15</ProfilId>
		<AimBioID>15</AimBioID>
	</AIM>
	<AIM>
		<uiIndex>16</uiIndex>
		<description>Gus</description>
		<ProfilId>16</ProfilId>
		<AimBioID>16</AimBioID>
	</AIM>
	<AIM>
		<uiIndex>17</uiIndex>
		<description>Buns</description>
		<ProfilId>17</ProfilId>
		<AimBioID>17</AimBioID>
	</AIM>
	<AIM>
		<uiIndex>18</uiIndex>
		<description>Ice</description>
		<ProfilId>18</ProfilId>
		<AimBioID>18</AimBioID>
	</AIM>
	<AIM>
		<uiIndex>19</uiIndex>
		<description>Spider</description>
		<ProfilId>19</ProfilId>
		<AimBioID>19</AimBioID>
	</AIM>
	<AIM>
		<uiIndex>20</uiIndex>
		<description>Cliff</description>
		<ProfilId>20</ProfilId>
		<AimBioID>20</AimBioID>
	</AIM>
	<AIM>
		<uiIndex>21</uiIndex>
		<description>Bull</description>
		<ProfilId>21</ProfilId>
		<AimBioID>21</AimBioID>
	</AIM>
	<AIM>
		<uiIndex>22</uiIndex>
		<description>Hitman</description>
		<ProfilId>22</ProfilId>
		<AimBioID>22</AimBioID>
	</AIM>
	<AIM>
		<uiIndex>23</uiIndex>
		<description>Buzz</description>
		<ProfilId>23</ProfilId>
		<AimBioID>23</AimBioID>
	</AIM>
	<AIM>
		<uiIndex>24</uiIndex>
		<description>Raider</description>
		<ProfilId>24</ProfilId>
		<AimBioID>24</AimBioID>
	</AIM>
	<AIM>
		<uiIndex>25</uiIndex>
		<description>Raven</description>
		<ProfilId>25</ProfilId>
		<AimBioID>25</AimBioID>
	</AIM>
	<AIM>
		<uiIndex>26</uiIndex>
		<description>Static</description>
		<ProfilId>26</ProfilId>
		<AimBioID>26</AimBioID>
	</AIM>
	<AIM>
		<uiIndex>27</uiIndex>
		<description>Len</description>
		<ProfilId>27</ProfilId>
		<AimBioID>27</AimBioID>
	</AIM>
	<AIM>
		<uiIndex>28</uiIndex>
		<description>Danny</description>
		<ProfilId>28</ProfilId>
		<AimBioID>28</AimBioID>
	</AIM>
	<AIM>
		<uiIndex>29</uiIndex>
		<description>Magic</description>
		<ProfilId>29</ProfilId>
		<AimBioID>29</AimBioID>
	</AIM>
	<AIM>
		<uiIndex>30</uiIndex>
		<description>Stephen</description>
		<ProfilId>30</ProfilId>
		<AimBioID>30</AimBioID>
	</AIM>
	<AIM>
		<uiIndex>31</uiIndex>
		<description>Scully</description>
		<ProfilId>31</ProfilId>
		<AimBioID>31</AimBioID>
	</AIM>
	<AIM>
		<uiIndex>32</uiIndex>
		<description>Malice</description>
		<ProfilId>32</ProfilId>
		<AimBioID>32</AimBioID>
	</AIM>
	<AIM>
		<uiIndex>33</uiIndex>
		<description>Dr. Q</description>
		<ProfilId>33</ProfilId>
		<AimBioID>33</AimBioID>
	</AIM>
	<AIM>
		<uiIndex>34</uiIndex>
		<description>Nails</description>
		<ProfilId>34</ProfilId>
		<AimBioID>34</AimBioID>
	</AIM>
	<AIM>
		<uiIndex>35</uiIndex>
		<description>Thor</description>
		<ProfilId>35</ProfilId>
		<AimBioID>35</AimBioID>
	</AIM>
	<AIM>
		<uiIndex>36</uiIndex>
		<description>Scope</description>
		<ProfilId>36</ProfilId>
		<AimBioID>36</AimBioID>
	</AIM>
	<AIM>
		<uiIndex>37</uiIndex>
		<description>Wolf</description>
		<ProfilId>37</ProfilId>
		<AimBioID>37</AimBioID>
	</AIM>
	<AIM>
		<uiIndex>38</uiIndex>
		<description>MD</description>
		<ProfilId>38</ProfilId>
		<AimBioID>38</AimBioID>
	</AIM>
	<AIM>
		<uiIndex>39</uiIndex>
		<description>Meltdown</description>
		<ProfilId>39</ProfilId>
		<AimBioID>39</AimBioID>
	</AIM>
	<AIM>
		<uiIndex>40</uiIndex>
		<description>Biff</description>
		<ProfilId>-1</ProfilId>
		<AimBioID>-1</AimBioID>
	</AIM>
	<AIM>
		<uiIndex>41</uiIndex>
		<description>Haywire</description>
		<ProfilId>-1</ProfilId>
		<AimBioID>-1</AimBioID>
	</AIM>
	<AIM>
		<uiIndex>42</uiIndex>
		<description>Gasket</description>
		<ProfilId>-1</ProfilId>
		<AimBioID>-1</AimBioID>
	</AIM>
	<AIM>
		<uiIndex>43</uiIndex>
		<description>Razor</description>
		<ProfilId>-1</ProfilId>
		<AimBioID>-1</AimBioID>
	</AIM>
	<AIM>
		<uiIndex>44</uiIndex>
		<description>Flo</description>
		<ProfilId>-1</ProfilId>
		<AimBioID>-1</AimBioID>
	</AIM>
	<AIM>
		<uiIndex>45</uiIndex>
		<description>Gumpy</description>
		<ProfilId>-1</ProfilId>
		<AimBioID>-1</AimBioID>
	</AIM>
	<AIM>
		<uiIndex>46</uiIndex>
		<description>Larry</description>
		<ProfilId>-1</ProfilId>
		<AimBioID>-1</AimBioID>
	</AIM>
	<AIM>
		<uiIndex>47</uiIndex>
		<description>Larry</description>
		<ProfilId>-1</ProfilId>
		<AimBioID>-1</AimBioID>
	</AIM>
	<AIM>
		<uiIndex>48</uiIndex>
		<description>Cougar</description>
		<ProfilId>-1</ProfilId>
		<AimBioID>-1</AimBioID>
	</AIM>
	<AIM>
		<uiIndex>49</uiIndex>
		<description>Numb</description>
		<ProfilId>-1</ProfilId>
		<AimBioID>-1</AimBioID>
	</AIM>
	<AIM>
		<uiIndex>50</uiIndex>
		<description>Bubba</description>
		<ProfilId>-1</ProfilId>
		<AimBioID>-1</AimBioID>
	</AIM>
	<AIM>
		<uiIndex>51</uiIndex>
		<description>PGmale1</description>
		<ProfilId>-1</ProfilId>
		<AimBioID>-1</AimBioID>
	</AIM>
	<AIM>
		<uiIndex>52</uiIndex>
		<description>PGmale2 </description>
		<ProfilId>-1</ProfilId>
		<AimBioID>-1</AimBioID>
	</AIM>
	<AIM>
		<uiIndex>53</uiIndex>
		<description>PGmale3</description>
		<ProfilId>-1</ProfilId>
		<AimBioID>-1</AimBioID>
	</AIM>
	<AIM>
		<uiIndex>54</uiIndex>
		<description>PGLady1</description>
		<ProfilId>-1</ProfilId>
		<AimBioID>-1</AimBioID>
	</AIM>
	<AIM>
		<uiIndex>55</uiIndex>
		<description>PGLady2</description>
		<ProfilId>-1</ProfilId>
		<AimBioID>-1</AimBioID>
	</AIM>
	<AIM>
		<uiIndex>56</uiIndex>
		<description>PGLady3</description>
		<ProfilId>-1</ProfilId>
		<AimBioID>-1</AimBioID>
	</AIM>
	<AIM>
		<uiIndex>57</uiIndex>
		<description>Miguel</description>
		<ProfilId>-1</ProfilId>
		<AimBioID>-1</AimBioID>
	</AIM>
	<AIM>
		<uiIndex>58</uiIndex>
		<description>Carlos</description>
		<ProfilId>-1</ProfilId>
		<AimBioID>-1</AimBioID>
	</AIM>
	<AIM>
		<uiIndex>59</uiIndex>
		<description>Ira</description>
		<ProfilId>-1</ProfilId>
		<AimBioID>-1</AimBioID>
	</AIM>
	<AIM>
		<uiIndex>60</uiIndex>
		<description>Dimitri</description>
		<ProfilId>-1</ProfilId>
		<AimBioID>-1</AimBioID>
	</AIM>
	<AIM>
		<uiIndex>61</uiIndex>
		<description>Devin</description>
		<ProfilId>-1</ProfilId>
		<AimBioID>-1</AimBioID>
	</AIM>
	<AIM>
		<uiIndex>62</uiIndex>
		<description>Robot</description>
		<ProfilId>-1</ProfilId>
		<AimBioID>-1</AimBioID>
	</AIM>
	<AIM>
		<uiIndex>63</uiIndex>
		<description>Hamous</description>
		<ProfilId>-1</ProfilId>
		<AimBioID>-1</AimBioID>
	</AIM>
	<AIM>
		<uiIndex>64</uiIndex>
		<description>Terry</description>
		<ProfilId>-1</ProfilId>
		<AimBioID>-1</AimBioID>
	</AIM>
	<AIM>
		<uiIndex>65</uiIndex>
		<description>RPC65</description>
		<ProfilId>-1</ProfilId>
		<AimBioID>-1</AimBioID>
	</AIM>
	<AIM>
		<uiIndex>66</uiIndex>
		<description>Dynamo</description>
		<ProfilId>-1</ProfilId>
		<AimBioID>-1</AimBioID>
	</AIM>
	<AIM>
		<uiIndex>67</uiIndex>
		<description>Shank</description>
		<ProfilId>-1</ProfilId>
		<AimBioID>-1</AimBioID>
	</AIM>
	<AIM>
		<uiIndex>68</uiIndex>
		<description>Iggy</description>
		<ProfilId>-1</ProfilId>
		<AimBioID>-1</AimBioID>
	</AIM>
	<AIM>
		<uiIndex>69</uiIndex>
		<description>Vince</description>
		<ProfilId>-1</ProfilId>
		<AimBioID>-1</AimBioID>
	</AIM>
	<AIM>
		<uiIndex>70</uiIndex>
		<description>Conrad</description>
		<ProfilId>-1</ProfilId>
		<AimBioID>-1</AimBioID>
	</AIM>
	<AIM>
		<uiIndex>71</uiIndex>
		<description>RPC71</description>
		<ProfilId>-1</ProfilId>
		<AimBioID>-1</AimBioID>
	</AIM>
	<AIM>
		<uiIndex>72</uiIndex>
		<description>Maddog</description>
		<ProfilId>-1</ProfilId>
		<AimBioID>-1</AimBioID>
	</AIM>
	<AIM>
		<uiIndex>73</uiIndex>
		<description>Darrel</description>
		<ProfilId>-1</ProfilId>
		<AimBioID>-1</AimBioID>
	</AIM>
	<AIM>
		<uiIndex>74</uiIndex>
		<description>Perko</description>
		<ProfilId>-1</ProfilId>
		<AimBioID>-1</AimBioID>
	</AIM>
	<AIM>
		<uiIndex>75</uiIndex>
		<description>Deidranna</description>
		<ProfilId>-1</ProfilId>
		<AimBioID>-1</AimBioID>
	</AIM>
	<AIM>
		<uiIndex>76</uiIndex>
		<description>Auntie</description>
		<ProfilId>-1</ProfilId>
		<AimBioID>-1</AimBioID>
	</AIM>
	<AIM>
		<uiIndex>77</uiIndex>
		<description>Enrico</description>
		<ProfilId>-1</ProfilId>
		<AimBioID>-1</AimBioID>
	</AIM>
	<AIM>
		<uiIndex>78</uiIndex>
		<description>Carmen</description>
		<ProfilId>-1</ProfilId>
		<AimBioID>-1</AimBioID>
	</AIM>
	<AIM>
		<uiIndex>79</uiIndex>
		<description>Joe</description>
		<ProfilId>-1</ProfilId>
		<AimBioID>-1</AimBioID>
	</AIM>
	<AIM>
		<uiIndex>80</uiIndex>
		<description>Steve</description>
		<ProfilId>-1</ProfilId>
		<AimBioID>-1</AimBioID>
	</AIM>
	<AIM>
		<uiIndex>81</uiIndex>
		<description>Rat</description>
		<ProfilId>-1</ProfilId>
		<AimBioID>-1</AimBioID>
	</AIM>
	<AIM>
		<uiIndex>82</uiIndex>
		<description>Annie</description>
		<ProfilId>-1</ProfilId>
		<AimBioID>-1</AimBioID>
	</AIM>
	<AIM>
		<uiIndex>83</uiIndex>
		<description>Chris</description>
		<ProfilId>-1</ProfilId>
		<AimBioID>-1</AimBioID>
	</AIM>
	<AIM>
		<uiIndex>84</uiIndex>
		<description>Bob</description>
		<ProfilId>-1</ProfilId>
		<AimBioID>-1</AimBioID>
	</AIM>
	<AIM>
		<uiIndex>85</uiIndex>
		<description>Brenda</description>
		<ProfilId>-1</ProfilId>
		<AimBioID>-1</AimBioID>
	</AIM>
	<AIM>
		<uiIndex>86</uiIndex>
		<description>Kingpin</description>
		<ProfilId>-1</ProfilId>
		<AimBioID>-1</AimBioID>
	</AIM>
	<AIM>
		<uiIndex>87</uiIndex>
		<description>Darren</description>
		<ProfilId>-1</ProfilId>
		<AimBioID>-1</AimBioID>
	</AIM>
	<AIM>
		<uiIndex>88</uiIndex>
		<description>Maria</description>
		<ProfilId>-1</ProfilId>
		<AimBioID>-1</AimBioID>
	</AIM>
	<AIM>
		<uiIndex>89</uiIndex>
		<description>Angel</description>
		<ProfilId>-1</ProfilId>
		<AimBioID>-1</AimBioID>
	</AIM>
	<AIM>
		<uiIndex>90</uiIndex>
		<description>Joey</description>
		<ProfilId>-1</ProfilId>
		<AimBioID>-1</AimBioID>
	</AIM>
	<AIM>
		<uiIndex>91</uiIndex>
		<description>Tony</description>
		<ProfilId>-1</ProfilId>
		<AimBioID>-1</AimBioID>
	</AIM>
	<AIM>
		<uiIndex>92</uiIndex>
		<description>Frank</description>
		<ProfilId>-1</ProfilId>
		<AimBioID>-1</AimBioID>
	</AIM>
	<AIM>
		<uiIndex>93</uiIndex>
		<description>Spike</description>
		<ProfilId>-1</ProfilId>
		<AimBioID>-1</AimBioID>
	</AIM>
	<AIM>
		<uiIndex>94</uiIndex>
		<description>Damon</description>
		<ProfilId>-1</ProfilId>
		<AimBioID>-1</AimBioID>
	</AIM>
	<AIM>
		<uiIndex>95</uiIndex>
		<description>Kyle</description>
		<ProfilId>-1</ProfilId>
		<AimBioID>-1</AimBioID>
	</AIM>
	<AIM>
		<uiIndex>96</uiIndex>
		<description>Micky</description>
		<ProfilId>-1</ProfilId>
		<AimBioID>-1</AimBioID>
	</AIM>
	<AIM>
		<uiIndex>97</uiIndex>
		<description>Skyrider</description>
		<ProfilId>-1</ProfilId>
		<AimBioID>-1</AimBioID>
	</AIM>
	<AIM>
		<uiIndex>98</uiIndex>
		<description>Pablo</description>
		<ProfilId>-1</ProfilId>
		<AimBioID>-1</AimBioID>
	</AIM>
	<AIM>
		<uiIndex>99</uiIndex>
		<description>Sal</description>
		<ProfilId>-1</ProfilId>
		<AimBioID>-1</AimBioID>
	</AIM>
	<AIM>
		<uiIndex>100</uiIndex>
		<description>Father</description>
		<ProfilId>-1</ProfilId>
		<AimBioID>-1</AimBioID>
	</AIM>
	<AIM>
		<uiIndex>101</uiIndex>
		<description>Fatima</description>
		<ProfilId>-1</ProfilId>
		<AimBioID>-1</AimBioID>
	</AIM>
	<AIM>
		<uiIndex>102</uiIndex>
		<description>Warden</description>
		<ProfilId>-1</ProfilId>
		<AimBioID>-1</AimBioID>
	</AIM>
	<AIM>
		<uiIndex>103</uiIndex>
		<description>Gordon</description>
		<ProfilId>-1</ProfilId>
		<AimBioID>-1</AimBioID>
	</AIM>
	<AIM>
		<uiIndex>104</uiIndex>
		<description>Gabby</description>
		<ProfilId>-1</ProfilId>
		<AimBioID>-1</AimBioID>
	</AIM>
	<AIM>
		<uiIndex>105</uiIndex>
		<description>Ernest</description>
		<ProfilId>-1</ProfilId>
		<AimBioID>-1</AimBioID>
	</AIM>
	<AIM>
		<uiIndex>106</uiIndex>
		<description>Fred</description>
		<ProfilId>-1</ProfilId>
		<AimBioID>-1</AimBioID>
	</AIM>
	<AIM>
		<uiIndex>107</uiIndex>
		<description>Madame</description>
		<ProfilId>-1</ProfilId>
		<AimBioID>-1</AimBioID>
	</AIM>
	<AIM>
		<uiIndex>108</uiIndex>
		<description>Yanni</description>
		<ProfilId>-1</ProfilId>
		<AimBioID>-1</AimBioID>
	</AIM>
	<AIM>
		<uiIndex>109</uiIndex>
		<description>Martha</description>
		<ProfilId>-1</ProfilId>
		<AimBioID>-1</AimBioID>
	</AIM>
	<AIM>
		<uiIndex>110</uiIndex>
		<description>Joe</description>
		<ProfilId>-1</ProfilId>
		<AimBioID>-1</AimBioID>
	</AIM>
	<AIM>
		<uiIndex>111</uiIndex>
		<description>Jasmin</description>
		<ProfilId>-1</ProfilId>
		<AimBioID>-1</AimBioID>
	</AIM>
	<AIM>
		<uiIndex>112</uiIndex>
		<description>Charlie</description>
		<ProfilId>-1</ProfilId>
		<AimBioID>-1</AimBioID>
	</AIM>
	<AIM>
		<uiIndex>113</uiIndex>
		<description>Jake</description>
		<ProfilId>-1</ProfilId>
		<AimBioID>-1</AimBioID>
	</AIM>
	<AIM>
		<uiIndex>114</uiIndex>
		<description>Pacos</description>
		<ProfilId>-1</ProfilId>
		<AimBioID>-1</AimBioID>
	</AIM>
	<AIM>
		<uiIndex>115</uiIndex>
		<description>Dave</description>
		<ProfilId>-1</ProfilId>
		<AimBioID>-1</AimBioID>
	</AIM>
	<AIM>
		<uiIndex>116</uiIndex>
		<description>Skipper</description>
		<ProfilId>-1</ProfilId>
		<AimBioID>-1</AimBioID>
	</AIM>
	<AIM>
		<uiIndex>117</uiIndex>
		<description>Hans</description>
		<ProfilId>-1</ProfilId>
		<AimBioID>-1</AimBioID>
	</AIM>
	<AIM>
		<uiIndex>118</uiIndex>
		<description>John</description>
		<ProfilId>-1</ProfilId>
		<AimBioID>-1</AimBioID>
	</AIM>
	<AIM>
		<uiIndex>119</uiIndex>
		<description>Mary</description>
		<ProfilId>-1</ProfilId>
		<AimBioID>-1</AimBioID>
	</AIM>
	<AIM>
		<uiIndex>120</uiIndex>
		<description>General</description>
		<ProfilId>-1</ProfilId>
		<AimBioID>-1</AimBioID>
	</AIM>
	<AIM>
		<uiIndex>121</uiIndex>
		<description>Sergeant</description>
		<ProfilId>-1</ProfilId>
		<AimBioID>-1</AimBioID>
	</AIM>
	<AIM>
		<uiIndex>122</uiIndex>
		<description>Armand</description>
		<ProfilId>-1</ProfilId>
		<AimBioID>-1</AimBioID>
	</AIM>
	<AIM>
		<uiIndex>123</uiIndex>
		<description>Lora</description>
		<ProfilId>-1</ProfilId>
		<AimBioID>-1</AimBioID>
	</AIM>
	<AIM>
		<uiIndex>124</uiIndex>
		<description>Franz</description>
		<ProfilId>-1</ProfilId>
		<AimBioID>-1</AimBioID>
	</AIM>
	<AIM>
		<uiIndex>125</uiIndex>
		<description>Howard</description>
		<ProfilId>-1</ProfilId>
		<AimBioID>-1</AimBioID>
	</AIM>
	<AIM>
		<uiIndex>126</uiIndex>
		<description>Sam</description>
		<ProfilId>-1</ProfilId>
		<AimBioID>-1</AimBioID>
	</AIM>
	<AIM>
		<uiIndex>127</uiIndex>
		<description>Eldin</description>
		<ProfilId>-1</ProfilId>
		<AimBioID>-1</AimBioID>
	</AIM>
	<AIM>
		<uiIndex>128</uiIndex>
		<description>Arnie</description>
		<ProfilId>-1</ProfilId>
		<AimBioID>-1</AimBioID>
	</AIM>
	<AIM>
		<uiIndex>129</uiIndex>
		<description>Tina</description>
		<ProfilId>-1</ProfilId>
		<AimBioID>-1</AimBioID>
	</AIM>
	<AIM>
		<uiIndex>130</uiIndex>
		<description>Fredo</description>
		<ProfilId>-1</ProfilId>
		<AimBioID>-1</AimBioID>
	</AIM>
	<AIM>
		<uiIndex>131</uiIndex>
		<description>Walter</description>
		<ProfilId>-1</ProfilId>
		<AimBioID>-1</AimBioID>
	</AIM>
	<AIM>
		<uiIndex>132</uiIndex>
		<description>Jenny</description>
		<ProfilId>-1</ProfilId>
		<AimBioID>-1</AimBioID>
	</AIM>
	<AIM>
		<uiIndex>133</uiIndex>
		<description>Billy</description>
		<ProfilId>-1</ProfilId>
		<AimBioID>-1</AimBioID>
	</AIM>
	<AIM>
		<uiIndex>134</uiIndex>
		<description>Brewster</description>
		<ProfilId>-1</ProfilId>
		<AimBioID>-1</AimBioID>
	</AIM>
	<AIM>
		<uiIndex>135</uiIndex>
		<description>Elliot</description>
		<ProfilId>-1</ProfilId>
		<AimBioID>-1</AimBioID>
	</AIM>
	<AIM>
		<uiIndex>136</uiIndex>
		<description>Derek</description>
		<ProfilId>-1</ProfilId>
		<AimBioID>-1</AimBioID>
	</AIM>
	<AIM>
		<uiIndex>137</uiIndex>
		<description>Oliver</description>
		<ProfilId>-1</ProfilId>
		<AimBioID>-1</AimBioID>
	</AIM>
	<AIM>
		<uiIndex>138</uiIndex>
		<description>Waldo</description>
		<ProfilId>-1</ProfilId>
		<AimBioID>-1</AimBioID>
	</AIM>
	<AIM>
		<uiIndex>139</uiIndex>
		<description>Doreen</description>
		<ProfilId>-1</ProfilId>
		<AimBioID>-1</AimBioID>
	</AIM>
	<AIM>
		<uiIndex>140</uiIndex>
		<description>Jim</description>
		<ProfilId>-1</ProfilId>
		<AimBioID>-1</AimBioID>
	</AIM>
	<AIM>
		<uiIndex>141</uiIndex>
		<description>Jack</description>
		<ProfilId>-1</ProfilId>
		<AimBioID>-1</AimBioID>
	</AIM>
	<AIM>
		<uiIndex>142</uiIndex>
		<description>Olaf</description>
		<ProfilId>-1</ProfilId>
		<AimBioID>-1</AimBioID>
	</AIM>
	<AIM>
		<uiIndex>143</uiIndex>
		<description>Ray</description>
		<ProfilId>-1</ProfilId>
		<AimBioID>-1</AimBioID>
	</AIM>
	<AIM>
		<uiIndex>144</uiIndex>
		<description>Olga</description>
		<ProfilId>-1</ProfilId>
		<AimBioID>-1</AimBioID>
	</AIM>
	<AIM>
		<uiIndex>145</uiIndex>
		<description>Tyrone</description>
		<ProfilId>-1</ProfilId>
		<AimBioID>-1</AimBioID>
	</AIM>
	<AIM>
		<uiIndex>146</uiIndex>
		<description>MadLab</description>
		<ProfilId>-1</ProfilId>
		<AimBioID>-1</AimBioID>
	</AIM>
	<AIM>
		<uiIndex>147</uiIndex>
		<description>Keith</description>
		<ProfilId>-1</ProfilId>
		<AimBioID>-1</AimBioID>
	</AIM>
	<AIM>
		<uiIndex>148</uiIndex>
		<description>Matt</description>
		<ProfilId>-1</ProfilId>
		<AimBioID>-1</AimBioID>
	</AIM>
	<AIM>
		<uiIndex>149</uiIndex>
		<description>Mike</description>
		<ProfilId>-1</ProfilId>
		<AimBioID>-1</AimBioID>
	</AIM>
	<AIM>
		<uiIndex>150</uiIndex>
		<description>Daryl</description>
		<ProfilId>-1</ProfilId>
		<AimBioID>-1</AimBioID>
	</AIM>
	<AIM>
		<uiIndex>151</uiIndex>
		<description>Herve</description>
		<ProfilId>-1</ProfilId>
		<AimBioID>-1</AimBioID>
	</AIM>
	<AIM>
		<uiIndex>152</uiIndex>
		<description>Peter</description>
		<ProfilId>-1</ProfilId>
		<AimBioID>-1</AimBioID>
	</AIM>
	<AIM>
		<uiIndex>153</uiIndex>
		<description>Alberto</description>
		<ProfilId>-1</ProfilId>
		<AimBioID>-1</AimBioID>
	</AIM>
	<AIM>
		<uiIndex>154</uiIndex>
		<description>Carlo</description>
		<ProfilId>-1</ProfilId>
		<AimBioID>-1</AimBioID>
	</AIM>
	<AIM>
		<uiIndex>155</uiIndex>
		<description>Manny</description>
		<ProfilId>-1</ProfilId>
		<AimBioID>-1</AimBioID>
	</AIM>
	<AIM>
		<uiIndex>156</uiIndex>
		<description>Oswald</description>
		<ProfilId>-1</ProfilId>
		<AimBioID>-1</AimBioID>
	</AIM>
	<AIM>
		<uiIndex>157</uiIndex>
		<description>Calvin </description>
		<ProfilId>-1</ProfilId>
		<AimBioID>-1</AimBioID>
	</AIM>
	<AIM>
		<uiIndex>158</uiIndex>
		<description>Carl</description>
		<ProfilId>-1</ProfilId>
		<AimBioID>-1</AimBioID>
	</AIM>
	<AIM>
		<uiIndex>159</uiIndex>
		<description>Speck...</description>
		<ProfilId>-1</ProfilId>
		<AimBioID>-1</AimBioID>
	</AIM>
	<AIM>
		<uiIndex>160</uiIndex>
		<description>Hummer</description>
		<ProfilId>-1</ProfilId>
		<AimBioID>-1</AimBioID>
	</AIM>
	<AIM>
		<uiIndex>161</uiIndex>
		<description>El Dorado</description>
		<ProfilId>-1</ProfilId>
		<AimBioID>-1</AimBioID>
	</AIM>
	<AIM>
		<uiIndex>162</uiIndex>
		<description>Truck</description>
		<ProfilId>-1</ProfilId>
		<AimBioID>-1</AimBioID>
	</AIM>
	<AIM>
		<uiIndex>163</uiIndex>
		<description></description>
		<ProfilId>-1</ProfilId>
		<AimBioID>-1</AimBioID>
	</AIM>
	<AIM>
		<uiIndex>164</uiIndex>
		<description></description>
		<ProfilId>-1</ProfilId>
		<AimBioID>-1</AimBioID>
	</AIM>
	<AIM>
		<uiIndex>165</uiIndex>
		<description>Gaston</description>
		<ProfilId>-1</ProfilId>
		<AimBioID>-1</AimBioID>
	</AIM>
	<AIM>
		<uiIndex>166</uiIndex>
		<description>Stogie</description>
		<ProfilId>-1</ProfilId>
		<AimBioID>-1</AimBioID>
	</AIM>
	<AIM>
		<uiIndex>167</uiIndex>
		<description>Tex</description>
		<ProfilId>-1</ProfilId>
		<AimBioID>-1</AimBioID>
	</AIM>
	<AIM>
		<uiIndex>168</uiIndex>
		<description>Biggins</description>
		<ProfilId>-1</ProfilId>
		<AimBioID>-1</AimBioID>
	</AIM>
	<AIM>
		<uiIndex>169</uiIndex>
		<description></description>
		<ProfilId>-1</ProfilId>
		<AimBioID>-1</AimBioID>
	</AIM>
	<AIM>
		<uiIndex>170</uiIndex>
		<description>Gary</description>
		<ProfilId>170</ProfilId>
		<AimBioID>40</AimBioID>
	</AIM>
	<AIM>
		<uiIndex>171</uiIndex>
		<description>Kelly</description>
		<ProfilId>171</ProfilId>
		<AimBioID>41</AimBioID>
	</AIM>
	<AIM>
		<uiIndex>172</uiIndex>
		<description>Leon</description>
		<ProfilId>172</ProfilId>
		<AimBioID>42</AimBioID>
	</AIM>
	<AIM>
		<uiIndex>173</uiIndex>
		<description>Reuban</description>
		<ProfilId>173</ProfilId>
		<AimBioID>43</AimBioID>
	</AIM>
	<AIM>
		<uiIndex>174</uiIndex>
		<description>Sam</description>
		<ProfilId>174</ProfilId>
		<AimBioID>44</AimBioID>
	</AIM>
	<AIM>
		<uiIndex>175</uiIndex>
		<description>Vinny</description>
		<ProfilId>175</ProfilId>
		<AimBioID>45</AimBioID>
	</AIM>
	<AIM>
		<uiIndex>176</uiIndex>
		<description></description>
		<ProfilId>176</ProfilId>
		<AimBioID>46</AimBioID>
	</AIM>
	<AIM>
		<uiIndex>177</uiIndex>
		<description></description>
		<ProfilId>177</ProfilId>
		<AimBioID>47</AimBioID>
	</AIM>
	<AIM>
		<uiIndex>178</uiIndex>
		<description></description>
		<ProfilId>-1</ProfilId>
		<AimBioID>-1</AimBioID>
	</AIM>
	<AIM>
		<uiIndex>179</uiIndex>
		<description></description>
		<ProfilId>-1</ProfilId>
		<AimBioID>-1</AimBioID>
	</AIM>
	<AIM>
		<uiIndex>180</uiIndex>
		<description></description>
		<ProfilId>-1</ProfilId>
		<AimBioID>-1</AimBioID>
	</AIM>
	<AIM>
		<uiIndex>181</uiIndex>
		<description></description>
		<ProfilId>-1</ProfilId>
		<AimBioID>-1</AimBioID>
	</AIM>
	<AIM>
		<uiIndex>182</uiIndex>
		<description></description>
		<ProfilId>-1</ProfilId>
		<AimBioID>-1</AimBioID>
	</AIM>
	<AIM>
		<uiIndex>183</uiIndex>
		<description></description>
		<ProfilId>-1</ProfilId>
		<AimBioID>-1</AimBioID>
	</AIM>
	<AIM>
		<uiIndex>184</uiIndex>
		<description></description>
		<ProfilId>-1</ProfilId>
		<AimBioID>-1</AimBioID>
	</AIM>
	<AIM>
		<uiIndex>185</uiIndex>
		<description></description>
		<ProfilId>-1</ProfilId>
		<AimBioID>-1</AimBioID>
	</AIM>
	<AIM>
		<uiIndex>186</uiIndex>
		<description></description>
		<ProfilId>-1</ProfilId>
		<AimBioID>-1</AimBioID>
	</AIM>
	<AIM>
		<uiIndex>187</uiIndex>
		<description></description>
		<ProfilId>-1</ProfilId>
		<AimBioID>-1</AimBioID>
	</AIM>
	<AIM>
		<uiIndex>188</uiIndex>
		<description></description>
		<ProfilId>-1</ProfilId>
		<AimBioID>-1</AimBioID>
	</AIM>
	<AIM>
		<uiIndex>189</uiIndex>
		<description></description>
		<ProfilId>-1</ProfilId>
		<AimBioID>-1</AimBioID>
	</AIM>
	<AIM>
		<uiIndex>190</uiIndex>
		<description></description>
		<ProfilId>-1</ProfilId>
		<AimBioID>-1</AimBioID>
	</AIM>
	<AIM>
		<uiIndex>191</uiIndex>
		<description></description>
		<ProfilId>-1</ProfilId>
		<AimBioID>-1</AimBioID>
	</AIM>
	<AIM>
		<uiIndex>192</uiIndex>
		<description></description>
		<ProfilId>-1</ProfilId>
		<AimBioID>-1</AimBioID>
	</AIM>
	<AIM>
		<uiIndex>193</uiIndex>
		<description></description>
		<ProfilId>-1</ProfilId>
		<AimBioID>-1</AimBioID>
	</AIM>
	<AIM>
		<uiIndex>194</uiIndex>
		<description></description>
		<ProfilId>-1</ProfilId>
		<AimBioID>-1</AimBioID>
	</AIM>
	<AIM>
		<uiIndex>195</uiIndex>
		<description></description>
		<ProfilId>-1</ProfilId>
		<AimBioID>-1</AimBioID>
	</AIM>
	<AIM>
		<uiIndex>196</uiIndex>
		<description></description>
		<ProfilId>-1</ProfilId>
		<AimBioID>-1</AimBioID>
	</AIM>
	<AIM>
		<uiIndex>197</uiIndex>
		<description></description>
		<ProfilId>-1</ProfilId>
		<AimBioID>-1</AimBioID>
	</AIM>
	<AIM>
		<uiIndex>198</uiIndex>
		<description></description>
		<ProfilId>-1</ProfilId>
		<AimBioID>-1</AimBioID>
	</AIM>
	<AIM>
		<uiIndex>199</uiIndex>
		<description></description>
		<ProfilId>-1</ProfilId>
		<AimBioID>-1</AimBioID>
	</AIM>
	<AIM>
		<uiIndex>200</uiIndex>
		<description></description>
		<ProfilId>-1</ProfilId>
		<AimBioID>-1</AimBioID>
	</AIM>
	<AIM>
		<uiIndex>201</uiIndex>
		<description></description>
		<ProfilId>-1</ProfilId>
		<AimBioID>-1</AimBioID>
	</AIM>
	<AIM>
		<uiIndex>202</uiIndex>
		<description></description>
		<ProfilId>-1</ProfilId>
		<AimBioID>-1</AimBioID>
	</AIM>
	<AIM>
		<uiIndex>203</uiIndex>
		<description></description>
		<ProfilId>-1</ProfilId>
		<AimBioID>-1</AimBioID>
	</AIM>
	<AIM>
		<uiIndex>204</uiIndex>
		<description></description>
		<ProfilId>-1</ProfilId>
		<AimBioID>-1</AimBioID>
	</AIM>
	<AIM>
		<uiIndex>205</uiIndex>
		<description></description>
		<ProfilId>-1</ProfilId>
		<AimBioID>-1</AimBioID>
	</AIM>
	<AIM>
		<uiIndex>206</uiIndex>
		<description></description>
		<ProfilId>-1</ProfilId>
		<AimBioID>-1</AimBioID>
	</AIM>
	<AIM>
		<uiIndex>207</uiIndex>
		<description></description>
		<ProfilId>-1</ProfilId>
		<AimBioID>-1</AimBioID>
	</AIM>
	<AIM>
		<uiIndex>208</uiIndex>
		<description></description>
		<ProfilId>-1</ProfilId>
		<AimBioID>-1</AimBioID>
	</AIM>
	<AIM>
		<uiIndex>209</uiIndex>
		<description></description>
		<ProfilId>-1</ProfilId>
		<AimBioID>-1</AimBioID>
	</AIM>
	<AIM>
		<uiIndex>210</uiIndex>
		<description></description>
		<ProfilId>-1</ProfilId>
		<AimBioID>-1</AimBioID>
	</AIM>
	<AIM>
		<uiIndex>211</uiIndex>
		<description></description>
		<ProfilId>-1</ProfilId>
		<AimBioID>-1</AimBioID>
	</AIM>
	<AIM>
		<uiIndex>212</uiIndex>
		<description></description>
		<ProfilId>-1</ProfilId>
		<AimBioID>-1</AimBioID>
	</AIM>
	<AIM>
		<uiIndex>213</uiIndex>
		<description></description>
		<ProfilId>-1</ProfilId>
		<AimBioID>-1</AimBioID>
	</AIM>
	<AIM>
		<uiIndex>214</uiIndex>
		<description></description>
		<ProfilId>-1</ProfilId>
		<AimBioID>-1</AimBioID>
	</AIM>
	<AIM>
		<uiIndex>215</uiIndex>
		<description></description>
		<ProfilId>-1</ProfilId>
		<AimBioID>-1</AimBioID>
	</AIM>
	<AIM>
		<uiIndex>216</uiIndex>
		<description></description>
		<ProfilId>-1</ProfilId>
		<AimBioID>-1</AimBioID>
	</AIM>
	<AIM>
		<uiIndex>217</uiIndex>
		<description></description>
		<ProfilId>-1</ProfilId>
		<AimBioID>-1</AimBioID>
	</AIM>
	<AIM>
		<uiIndex>218</uiIndex>
		<description></description>
		<ProfilId>-1</ProfilId>
		<AimBioID>-1</AimBioID>
	</AIM>
	<AIM>
		<uiIndex>219</uiIndex>
		<description></description>
		<ProfilId>-1</ProfilId>
		<AimBioID>-1</AimBioID>
	</AIM>
	<AIM>
		<uiIndex>220</uiIndex>
		<description></description>
		<ProfilId>-1</ProfilId>
		<AimBioID>-1</AimBioID>
	</AIM>
	<AIM>
		<uiIndex>221</uiIndex>
		<description></description>
		<ProfilId>-1</ProfilId>
		<AimBioID>-1</AimBioID>
	</AIM>
	<AIM>
		<uiIndex>222</uiIndex>
		<description></description>
		<ProfilId>-1</ProfilId>
		<AimBioID>-1</AimBioID>
	</AIM>
	<AIM>
		<uiIndex>223</uiIndex>
		<description></description>
		<ProfilId>-1</ProfilId>
		<AimBioID>-1</AimBioID>
	</AIM>
	<AIM>
		<uiIndex>224</uiIndex>
		<description></description>
		<ProfilId>-1</ProfilId>
		<AimBioID>-1</AimBioID>
	</AIM>
	<AIM>
		<uiIndex>225</uiIndex>
		<description></description>
		<ProfilId>-1</ProfilId>
		<AimBioID>-1</AimBioID>
	</AIM>
	<AIM>
		<uiIndex>226</uiIndex>
		<description></description>
		<ProfilId>-1</ProfilId>
		<AimBioID>-1</AimBioID>
	</AIM>
	<AIM>
		<uiIndex>227</uiIndex>
		<description></description>
		<ProfilId>-1</ProfilId>
		<AimBioID>-1</AimBioID>
	</AIM>
	<AIM>
		<uiIndex>228</uiIndex>
		<description></description>
		<ProfilId>-1</ProfilId>
		<AimBioID>-1</AimBioID>
	</AIM>
	<AIM>
		<uiIndex>229</uiIndex>
		<description></description>
		<ProfilId>-1</ProfilId>
		<AimBioID>-1</AimBioID>
	</AIM>
	<AIM>
		<uiIndex>230</uiIndex>
		<description></description>
		<ProfilId>-1</ProfilId>
		<AimBioID>-1</AimBioID>
	</AIM>
	<AIM>
		<uiIndex>231</uiIndex>
		<description></description>
		<ProfilId>-1</ProfilId>
		<AimBioID>-1</AimBioID>
	</AIM>
	<AIM>
		<uiIndex>232</uiIndex>
		<description></description>
		<ProfilId>-1</ProfilId>
		<AimBioID>-1</AimBioID>
	</AIM>
	<AIM>
		<uiIndex>233</uiIndex>
		<description></description>
		<ProfilId>-1</ProfilId>
		<AimBioID>-1</AimBioID>
	</AIM>
	<AIM>
		<uiIndex>234</uiIndex>
		<description></description>
		<ProfilId>-1</ProfilId>
		<AimBioID>-1</AimBioID>
	</AIM>
	<AIM>
		<uiIndex>235</uiIndex>
		<description></description>
		<ProfilId>-1</ProfilId>
		<AimBioID>-1</AimBioID>
	</AIM>
	<AIM>
		<uiIndex>236</uiIndex>
		<description></description>
		<ProfilId>-1</ProfilId>
		<AimBioID>-1</AimBioID>
	</AIM>
	<AIM>
		<uiIndex>237</uiIndex>
		<description></description>
		<ProfilId>-1</ProfilId>
		<AimBioID>-1</AimBioID>
	</AIM>
	<AIM>
		<uiIndex>238</uiIndex>
		<description></description>
		<ProfilId>-1</ProfilId>
		<AimBioID>-1</AimBioID>
	</AIM>
	<AIM>
		<uiIndex>239</uiIndex>
		<description></description>
		<ProfilId>-1</ProfilId>
		<AimBioID>-1</AimBioID>
	</AIM>
	<AIM>
		<uiIndex>240</uiIndex>
		<description></description>
		<ProfilId>-1</ProfilId>
		<AimBioID>-1</AimBioID>
	</AIM>
	<AIM>
		<uiIndex>241</uiIndex>
		<description></description>
		<ProfilId>-1</ProfilId>
		<AimBioID>-1</AimBioID>
	</AIM>
	<AIM>
		<uiIndex>242</uiIndex>
		<description></description>
		<ProfilId>-1</ProfilId>
		<AimBioID>-1</AimBioID>
	</AIM>
	<AIM>
		<uiIndex>243</uiIndex>
		<description></description>
		<ProfilId>-1</ProfilId>
		<AimBioID>-1</AimBioID>
	</AIM>
	<AIM>
		<uiIndex>244</uiIndex>
		<description></description>
		<ProfilId>-1</ProfilId>
		<AimBioID>-1</AimBioID>
	</AIM>
	<AIM>
		<uiIndex>245</uiIndex>
		<description></description>
		<ProfilId>-1</ProfilId>
		<AimBioID>-1</AimBioID>
	</AIM>
	<AIM>
		<uiIndex>246</uiIndex>
		<description></description>
		<ProfilId>-1</ProfilId>
		<AimBioID>-1</AimBioID>
	</AIM>
	<AIM>
		<uiIndex>247</uiIndex>
		<description></description>
		<ProfilId>-1</ProfilId>
		<AimBioID>-1</AimBioID>
	</AIM>
	<AIM>
		<uiIndex>248</uiIndex>
		<description></description>
		<ProfilId>-1</ProfilId>
		<AimBioID>-1</AimBioID>
	</AIM>
	<AIM>
		<uiIndex>249</uiIndex>
		<description></description>
		<ProfilId>-1</ProfilId>
		<AimBioID>-1</AimBioID>
	</AIM>
	<AIM>
		<uiIndex>250</uiIndex>
		<description></description>
		<ProfilId>-1</ProfilId>
		<AimBioID>-1</AimBioID>
	</AIM>
	<AIM>
		<uiIndex>251</uiIndex>
		<description></description>
		<ProfilId>-1</ProfilId>
		<AimBioID>-1</AimBioID>
	</AIM>
	<AIM>
		<uiIndex>252</uiIndex>
		<description></description>
		<ProfilId>-1</ProfilId>
		<AimBioID>-1</AimBioID>
	</AIM>
	<AIM>
		<uiIndex>253</uiIndex>
		<description></description>
		<ProfilId>-1</ProfilId>
		<AimBioID>-1</AimBioID>
	</AIM>
	<AIM>
		<uiIndex>254</uiIndex>
		<description></description>
		<ProfilId>-1</ProfilId>
		<AimBioID>-1</AimBioID>
	</AIM>
</AIM_AVAILABLES>
