<MERC_AVAILABLES>
  <MERC>
	<uiIndex>0</uiIndex>
	<Name>Biff</Name>
	<Drunk>0</Drunk>
	<uiAlternateIndex>-1</uiAlternateIndex>
	<StartMercsAvailable>1</StartMercsAvailable>
	<NewMercsAvailable>0</NewMercsAvailable>
	<MercBioID>0</MercBioID>
	<ProfilId>40</ProfilId>
	<usMoneyPaid>0</usMoneyPaid>
	<usDay>0</usDay>
  </MERC>
  <MERC>
	<uiIndex>1</uiIndex>
	<Name>Haywire</Name>
	<Drunk>0</Drunk>
	<uiAlternateIndex>-1</uiAlternateIndex>
	<StartMercsAvailable>1</StartMercsAvailable>
	<NewMercsAvailable>0</NewMercsAvailable>
	<MercBioID>1</MercBioID>
	<ProfilId>41</ProfilId>
	<usMoneyPaid>0</usMoneyPaid>
	<usDay>0</usDay>
  </MERC>
  <MERC>
	<uiIndex>2</uiIndex>
	<Name>Gasket</Name>
	<Drunk>0</Drunk>
	<uiAlternateIndex>-1</uiAlternateIndex>
	<StartMercsAvailable>1</StartMercsAvailable>
	<NewMercsAvailable>0</NewMercsAvailable>
	<MercBioID>2</MercBioID>
	<ProfilId>42</ProfilId>
	<usMoneyPaid>0</usMoneyPaid>
	<usDay>0</usDay>
  </MERC>
  <MERC>
	<uiIndex>3</uiIndex>
	<Name>Razor</Name>
	<Drunk>0</Drunk>
	<uiAlternateIndex>-1</uiAlternateIndex>
	<StartMercsAvailable>1</StartMercsAvailable>
	<NewMercsAvailable>0</NewMercsAvailable>
	<MercBioID>3</MercBioID>
	<ProfilId>43</ProfilId>
	<usMoneyPaid>0</usMoneyPaid>
	<usDay>0</usDay>
  </MERC>
  <MERC>
	<uiIndex>4</uiIndex>
	<Name>Flo</Name>
	<Drunk>0</Drunk>
	<uiAlternateIndex>-1</uiAlternateIndex>
	<StartMercsAvailable>1</StartMercsAvailable>
	<NewMercsAvailable>0</NewMercsAvailable>
	<MercBioID>4</MercBioID>
	<ProfilId>44</ProfilId>
	<usMoneyPaid>0</usMoneyPaid>
	<usDay>0</usDay>
  </MERC>
  <MERC>
	<uiIndex>5</uiIndex>
	<Name>Gumpy</Name>
	<Drunk>0</Drunk>
	<uiAlternateIndex>-1</uiAlternateIndex>
	<StartMercsAvailable>1</StartMercsAvailable>
	<NewMercsAvailable>0</NewMercsAvailable>
	<MercBioID>5</MercBioID>
	<ProfilId>45</ProfilId>
	<usMoneyPaid>0</usMoneyPaid>
	<usDay>0</usDay>
  </MERC>
  <MERC>
	<uiIndex>6</uiIndex>
	<Name>Bubba</Name>
	<Drunk>0</Drunk>
	<uiAlternateIndex>-1</uiAlternateIndex>
	<StartMercsAvailable>0</StartMercsAvailable>
	<NewMercsAvailable>0</NewMercsAvailable>
	<MercBioID>10</MercBioID>
	<ProfilId>50</ProfilId>
	<usMoneyPaid>500</usMoneyPaid>
	<usDay>8</usDay>
  </MERC>
  <MERC>
	<uiIndex>7</uiIndex>
	<Name>Larry</Name>
	<Drunk>0</Drunk>
	<uiAlternateIndex>8</uiAlternateIndex>
	<StartMercsAvailable>0</StartMercsAvailable>
	<NewMercsAvailable>0</NewMercsAvailable>
	<MercBioID>6</MercBioID>
	<ProfilId>46</ProfilId>
	<usMoneyPaid>1000</usMoneyPaid>
	<usDay>15</usDay>
  </MERC>
  <MERC>
	<uiIndex>8</uiIndex>
	<Name>Larry</Name>
	<Drunk>1</Drunk>
	<uiAlternateIndex>7</uiAlternateIndex>
	<StartMercsAvailable>0</StartMercsAvailable>
	<NewMercsAvailable>0</NewMercsAvailable>
	<MercBioID>7</MercBioID>
	<ProfilId>47</ProfilId>
	<usMoneyPaid>0</usMoneyPaid>
	<usDay>0</usDay>
  </MERC>
  <MERC>
	<uiIndex>9</uiIndex>
	<Name>Numb</Name>
	<Drunk>0</Drunk>
	<uiAlternateIndex>-1</uiAlternateIndex>
	<StartMercsAvailable>0</StartMercsAvailable>
	<NewMercsAvailable>0</NewMercsAvailable>
	<MercBioID>9</MercBioID>
	<ProfilId>49</ProfilId>
	<usMoneyPaid>15000</usMoneyPaid>
	<usDay>20</usDay>
  </MERC>
  <MERC>
	<uiIndex>10</uiIndex>
	<Name>Tex</Name>
	<Drunk>0</Drunk>
	<uiAlternateIndex>-1</uiAlternateIndex>
	<StartMercsAvailable>0</StartMercsAvailable>
	<NewMercsAvailable>0</NewMercsAvailable>
	<MercBioID>13</MercBioID>
	<ProfilId>167</ProfilId>
	<usMoneyPaid>16000</usMoneyPaid>
	<usDay>21</usDay>
  </MERC>
  <MERC>
	<uiIndex>11</uiIndex>
	<Name>Biggins</Name>
	<Drunk>0</Drunk>
	<uiAlternateIndex>-1</uiAlternateIndex>
	<StartMercsAvailable>0</StartMercsAvailable>
	<NewMercsAvailable>0</NewMercsAvailable>
	<MercBioID>14</MercBioID>
	<ProfilId>168</ProfilId>
	<usMoneyPaid>18000</usMoneyPaid>
	<usDay>23</usDay>
  </MERC>
  <MERC>
	<uiIndex>12</uiIndex>
	<Name>Cougar</Name>
	<Drunk>0</Drunk>
	<uiAlternateIndex>-1</uiAlternateIndex>
	<StartMercsAvailable>0</StartMercsAvailable>
	<NewMercsAvailable>0</NewMercsAvailable>
	<MercBioID>8</MercBioID>
	<ProfilId>48</ProfilId>
	<usMoneyPaid>20000</usMoneyPaid>
	<usDay>25</usDay>
  </MERC>
  <MERC>
	<uiIndex>13</uiIndex>
	<Name>Gaston</Name>
	<Drunk>0</Drunk>
	<uiAlternateIndex>-1</uiAlternateIndex>
	<StartMercsAvailable>0</StartMercsAvailable>
	<NewMercsAvailable>0</NewMercsAvailable>
	<MercBioID>11</MercBioID>
	<ProfilId>165</ProfilId>
	<usMoneyPaid>25000</usMoneyPaid>
	<usDay>30</usDay>
  </MERC>
  <MERC>
	<uiIndex>14</uiIndex>
	<Name>Stogie</Name>
	<Drunk>0</Drunk>
	<uiAlternateIndex>-1</uiAlternateIndex>
	<StartMercsAvailable>0</StartMercsAvailable>
	<NewMercsAvailable>0</NewMercsAvailable>
	<MercBioID>12</MercBioID>
	<ProfilId>166</ProfilId>
	<usMoneyPaid>26000</usMoneyPaid>
	<usDay>31</usDay>
  </MERC>
  <MERC>
	<uiIndex>15</uiIndex>
	<Name>Gary</Name>
	<Drunk>0</Drunk>
	<uiAlternateIndex>-1</uiAlternateIndex>
	<StartMercsAvailable>0</StartMercsAvailable>
	<NewMercsAvailable>0</NewMercsAvailable>
	<MercBioID>15</MercBioID>
	<ProfilId>170</ProfilId>
	<usMoneyPaid>315</usMoneyPaid>
	<usDay>31</usDay>
  </MERC>
  <MERC>
	<uiIndex>16</uiIndex>
	<Name>Kelly</Name>
	<Drunk>0</Drunk>
	<uiAlternateIndex>-1</uiAlternateIndex>
	<StartMercsAvailable>0</StartMercsAvailable>
	<NewMercsAvailable>0</NewMercsAvailable>
	<MercBioID>16</MercBioID>
	<ProfilId>171</ProfilId>
	<usMoneyPaid>4700</usMoneyPaid>
	<usDay>31</usDay>
  </MERC>
  <MERC>
	<uiIndex>17</uiIndex>
	<Name>Leon</Name>
	<Drunk>0</Drunk>
	<uiAlternateIndex>-1</uiAlternateIndex>
	<StartMercsAvailable>0</StartMercsAvailable>
	<NewMercsAvailable>0</NewMercsAvailable>
	<MercBioID>17</MercBioID>
	<ProfilId>172</ProfilId>
	<usMoneyPaid>2600</usMoneyPaid>
	<usDay>31</usDay>
  </MERC>
  <MERC>
	<uiIndex>18</uiIndex>
	<Name>Reuban</Name>
	<Drunk>0</Drunk>
	<uiAlternateIndex>-1</uiAlternateIndex>
	<StartMercsAvailable>0</StartMercsAvailable>
	<NewMercsAvailable>0</NewMercsAvailable>
	<MercBioID>18</MercBioID>
	<ProfilId>173</ProfilId>
	<usMoneyPaid>35</usMoneyPaid>
	<usDay>31</usDay>
  </MERC>
  <MERC>
	<uiIndex>19</uiIndex>
	<Name>Sam</Name>
	<Drunk>0</Drunk>
	<uiAlternateIndex>-1</uiAlternateIndex>
	<StartMercsAvailable>0</StartMercsAvailable>
	<NewMercsAvailable>0</NewMercsAvailable>
	<MercBioID>19</MercBioID>
	<ProfilId>174</ProfilId>
	<usMoneyPaid>2750</usMoneyPaid>
	<usDay>31</usDay>
  </MERC>
  <MERC>
	<uiIndex>20</uiIndex>
	<Name>Vinny</Name>
	<Drunk>0</Drunk>
	<uiAlternateIndex>-1</uiAlternateIndex>
	<StartMercsAvailable>0</StartMercsAvailable>
	<NewMercsAvailable>0</NewMercsAvailable>
	<MercBioID>20</MercBioID>
	<ProfilId>175</ProfilId>
	<usMoneyPaid>385</usMoneyPaid>
	<usDay>31</usDay>
  </MERC>
</MERC_AVAILABLES>
