<SOUNDPROFILE>
	<PROFILE>
		<uiIndex>0</uiIndex>
		<Name>Barry</Name>
		<EnabledSound>1</EnabledSound>
	</PROFILE>
	<PROFILE>
		<uiIndex>1</uiIndex>
		<Name>Blood</Name>
		<EnabledSound>1</EnabledSound>
	</PROFILE>
	<PROFILE>
		<uiIndex>2</uiIndex>
		<Name>Lynx</Name>
		<EnabledSound>1</EnabledSound>
	</PROFILE>
	<PROFILE>
		<uiIndex>3</uiIndex>
		<Name>Grizzly</Name>
		<EnabledSound>1</EnabledSound>
	</PROFILE>
	<PROFILE>
		<uiIndex>4</uiIndex>
		<Name>Vicki</Name>
		<EnabledSound>1</EnabledSound>
	</PROFILE>
	<PROFILE>
		<uiIndex>5</uiIndex>
		<Name>Trevor</Name>
		<EnabledSound>1</EnabledSound>
	</PROFILE>
	<PROFILE>
		<uiIndex>6</uiIndex>
		<Name>Grunty</Name>
		<EnabledSound>1</EnabledSound>
	</PROFILE>
	<PROFILE>
		<uiIndex>7</uiIndex>
		<Name>Ivan</Name>
		<EnabledSound>1</EnabledSound>
	</PROFILE>
	<PROFILE>
		<uiIndex>8</uiIndex>
		<Name>Steroid</Name>
		<EnabledSound>1</EnabledSound>
	</PROFILE>
	<PROFILE>
		<uiIndex>9</uiIndex>
		<Name>Igor</Name>
		<EnabledSound>1</EnabledSound>
	</PROFILE>
	<PROFILE>
		<uiIndex>10</uiIndex>
		<Name>Shadow</Name>
		<EnabledSound>1</EnabledSound>
	</PROFILE>
	<PROFILE>
		<uiIndex>11</uiIndex>
		<Name>Red</Name>
		<EnabledSound>1</EnabledSound>
	</PROFILE>
	<PROFILE>
		<uiIndex>12</uiIndex>
		<Name>Reaper</Name>
		<EnabledSound>1</EnabledSound>
	</PROFILE>
	<PROFILE>
		<uiIndex>13</uiIndex>
		<Name>Fidel</Name>
		<EnabledSound>1</EnabledSound>
	</PROFILE>
	<PROFILE>
		<uiIndex>14</uiIndex>
		<Name>Fox</Name>
		<EnabledSound>1</EnabledSound>
	</PROFILE>
	<PROFILE>
		<uiIndex>15</uiIndex>
		<Name>Sidney</Name>
		<EnabledSound>1</EnabledSound>
	</PROFILE>
	<PROFILE>
		<uiIndex>16</uiIndex>
		<Name>Gus</Name>
		<EnabledSound>1</EnabledSound>
	</PROFILE>
	<PROFILE>
		<uiIndex>17</uiIndex>
		<Name>Buns</Name>
		<EnabledSound>1</EnabledSound>
	</PROFILE>
	<PROFILE>
		<uiIndex>18</uiIndex>
		<Name>Ice</Name>
		<EnabledSound>1</EnabledSound>
	</PROFILE>
	<PROFILE>
		<uiIndex>19</uiIndex>
		<Name>Spider</Name>
		<EnabledSound>1</EnabledSound>
	</PROFILE>
	<PROFILE>
		<uiIndex>20</uiIndex>
		<Name>Cliff</Name>
		<EnabledSound>1</EnabledSound>
	</PROFILE>
	<PROFILE>
		<uiIndex>21</uiIndex>
		<Name>Bull</Name>
		<EnabledSound>1</EnabledSound>
	</PROFILE>
	<PROFILE>
		<uiIndex>22</uiIndex>
		<Name>Hitman</Name>
		<EnabledSound>1</EnabledSound>
	</PROFILE>
	<PROFILE>
		<uiIndex>23</uiIndex>
		<Name>Buzz</Name>
		<EnabledSound>1</EnabledSound>
	</PROFILE>
	<PROFILE>
		<uiIndex>24</uiIndex>
		<Name>Raider</Name>
		<EnabledSound>1</EnabledSound>
	</PROFILE>
	<PROFILE>
		<uiIndex>25</uiIndex>
		<Name>Raven</Name>
		<EnabledSound>1</EnabledSound>
	</PROFILE>
	<PROFILE>
		<uiIndex>26</uiIndex>
		<Name>Static</Name>
		<EnabledSound>1</EnabledSound>
	</PROFILE>
	<PROFILE>
		<uiIndex>27</uiIndex>
		<Name>Len</Name>
		<EnabledSound>1</EnabledSound>
	</PROFILE>
	<PROFILE>
		<uiIndex>28</uiIndex>
		<Name>Danny</Name>
		<EnabledSound>1</EnabledSound>
	</PROFILE>
	<PROFILE>
		<uiIndex>29</uiIndex>
		<Name>Magic</Name>
		<EnabledSound>1</EnabledSound>
	</PROFILE>
	<PROFILE>
		<uiIndex>30</uiIndex>
		<Name>Stephen</Name>
		<EnabledSound>1</EnabledSound>
	</PROFILE>
	<PROFILE>
		<uiIndex>31</uiIndex>
		<Name>Scully</Name>
		<EnabledSound>1</EnabledSound>
	</PROFILE>
	<PROFILE>
		<uiIndex>32</uiIndex>
		<Name>Malice</Name>
		<EnabledSound>1</EnabledSound>
	</PROFILE>
	<PROFILE>
		<uiIndex>33</uiIndex>
		<Name>Dr. Q</Name>
		<EnabledSound>1</EnabledSound>
	</PROFILE>
	<PROFILE>
		<uiIndex>34</uiIndex>
		<Name>Nails</Name>
		<EnabledSound>1</EnabledSound>
	</PROFILE>
	<PROFILE>
		<uiIndex>35</uiIndex>
		<Name>Thor</Name>
		<EnabledSound>1</EnabledSound>
	</PROFILE>
	<PROFILE>
		<uiIndex>36</uiIndex>
		<Name>Scope</Name>
		<EnabledSound>1</EnabledSound>
	</PROFILE>
	<PROFILE>
		<uiIndex>37</uiIndex>
		<Name>Wolf</Name>
		<EnabledSound>1</EnabledSound>
	</PROFILE>
	<PROFILE>
		<uiIndex>38</uiIndex>
		<Name>MD</Name>
		<EnabledSound>1</EnabledSound>
	</PROFILE>
	<PROFILE>
		<uiIndex>39</uiIndex>
		<Name>Meltdown</Name>
		<EnabledSound>1</EnabledSound>
	</PROFILE>
	<PROFILE>
		<uiIndex>40</uiIndex>
		<Name>Biff</Name>
		<EnabledSound>1</EnabledSound>
	</PROFILE>
	<PROFILE>
		<uiIndex>41</uiIndex>
		<Name>Haywire</Name>
		<EnabledSound>1</EnabledSound>
	</PROFILE>
	<PROFILE>
		<uiIndex>42</uiIndex>
		<Name>Gasket</Name>
		<EnabledSound>1</EnabledSound>
	</PROFILE>
	<PROFILE>
		<uiIndex>43</uiIndex>
		<Name>Razor</Name>
		<EnabledSound>1</EnabledSound>
	</PROFILE>
	<PROFILE>
		<uiIndex>44</uiIndex>
		<Name>Flo</Name>
		<EnabledSound>1</EnabledSound>
	</PROFILE>
	<PROFILE>
		<uiIndex>45</uiIndex>
		<Name>Gumpy</Name>
		<EnabledSound>1</EnabledSound>
	</PROFILE>
	<PROFILE>
		<uiIndex>46</uiIndex>
		<Name>Larry</Name>
		<EnabledSound>1</EnabledSound>
	</PROFILE>
	<PROFILE>
		<uiIndex>47</uiIndex>
		<Name>Larry</Name>
		<EnabledSound>1</EnabledSound>
	</PROFILE>
	<PROFILE>
		<uiIndex>48</uiIndex>
		<Name>Cougar</Name>
		<EnabledSound>1</EnabledSound>
	</PROFILE>
	<PROFILE>
		<uiIndex>49</uiIndex>
		<Name>Numb</Name>
		<EnabledSound>1</EnabledSound>
	</PROFILE>
	<PROFILE>
		<uiIndex>50</uiIndex>
		<Name>Bubba</Name>
		<EnabledSound>1</EnabledSound>
	</PROFILE>
	<PROFILE>
		<uiIndex>51</uiIndex>
		<Name>PGmale1</Name>
		<EnabledSound>1</EnabledSound>
	</PROFILE>
	<PROFILE>
		<uiIndex>52</uiIndex>
		<Name>PGmale2 </Name>
		<EnabledSound>1</EnabledSound>
	</PROFILE>
	<PROFILE>
		<uiIndex>53</uiIndex>
		<Name>PGmale3</Name>
		<EnabledSound>1</EnabledSound>
	</PROFILE>
	<PROFILE>
		<uiIndex>54</uiIndex>
		<Name>PGLady1</Name>
		<EnabledSound>1</EnabledSound>
	</PROFILE>
	<PROFILE>
		<uiIndex>55</uiIndex>
		<Name>PGLady2</Name>
		<EnabledSound>1</EnabledSound>
	</PROFILE>
	<PROFILE>
		<uiIndex>56</uiIndex>
		<Name>PGLady3</Name>
		<EnabledSound>1</EnabledSound>
	</PROFILE>
	<PROFILE>
		<uiIndex>57</uiIndex>
		<Name>Miguel</Name>
		<EnabledSound>1</EnabledSound>
	</PROFILE>
	<PROFILE>
		<uiIndex>58</uiIndex>
		<Name>Carlos</Name>
		<EnabledSound>1</EnabledSound>
	</PROFILE>
	<PROFILE>
		<uiIndex>59</uiIndex>
		<Name>Ira</Name>
		<EnabledSound>1</EnabledSound>
	</PROFILE>
	<PROFILE>
		<uiIndex>60</uiIndex>
		<Name>Dimitri</Name>
		<EnabledSound>1</EnabledSound>
	</PROFILE>
	<PROFILE>
		<uiIndex>61</uiIndex>
		<Name>Devin</Name>
		<EnabledSound>1</EnabledSound>
	</PROFILE>
	<PROFILE>
		<uiIndex>62</uiIndex>
		<Name>Robot</Name>
		<EnabledSound>1</EnabledSound>
	</PROFILE>
	<PROFILE>
		<uiIndex>63</uiIndex>
		<Name>Hamous</Name>
		<EnabledSound>1</EnabledSound>
	</PROFILE>
	<PROFILE>
		<uiIndex>64</uiIndex>
		<Name>Terry</Name>
		<EnabledSound>1</EnabledSound>
	</PROFILE>
	<PROFILE>
		<uiIndex>65</uiIndex>
		<Name>RPC65</Name>
		<EnabledSound>1</EnabledSound>
	</PROFILE>
	<PROFILE>
		<uiIndex>66</uiIndex>
		<Name>Dynamo</Name>
		<EnabledSound>1</EnabledSound>
	</PROFILE>
	<PROFILE>
		<uiIndex>67</uiIndex>
		<Name>Shank</Name>
		<EnabledSound>1</EnabledSound>
	</PROFILE>
	<PROFILE>
		<uiIndex>68</uiIndex>
		<Name>Iggy</Name>
		<EnabledSound>1</EnabledSound>
	</PROFILE>
	<PROFILE>
		<uiIndex>69</uiIndex>
		<Name>Vince</Name>
		<EnabledSound>1</EnabledSound>
	</PROFILE>
	<PROFILE>
		<uiIndex>70</uiIndex>
		<Name>Conrad</Name>
		<EnabledSound>1</EnabledSound>
	</PROFILE>
	<PROFILE>
		<uiIndex>71</uiIndex>
		<Name>RPC71</Name>
		<EnabledSound>1</EnabledSound>
	</PROFILE>
	<PROFILE>
		<uiIndex>72</uiIndex>
		<Name>Maddog</Name>
		<EnabledSound>1</EnabledSound>
	</PROFILE>
	<PROFILE>
		<uiIndex>73</uiIndex>
		<Name>Darrel</Name>
		<EnabledSound>1</EnabledSound>
	</PROFILE>
	<PROFILE>
		<uiIndex>74</uiIndex>
		<Name>Perko</Name>
		<EnabledSound>1</EnabledSound>
	</PROFILE>
	<PROFILE>
		<uiIndex>75</uiIndex>
		<Name>Deidranna</Name>
		<EnabledSound>1</EnabledSound>
	</PROFILE>
	<PROFILE>
		<uiIndex>76</uiIndex>
		<Name>Auntie</Name>
		<EnabledSound>1</EnabledSound>
	</PROFILE>
	<PROFILE>
		<uiIndex>77</uiIndex>
		<Name>Enrico</Name>
		<EnabledSound>1</EnabledSound>
	</PROFILE>
	<PROFILE>
		<uiIndex>78</uiIndex>
		<Name>Carmen</Name>
		<EnabledSound>1</EnabledSound>
	</PROFILE>
	<PROFILE>
		<uiIndex>79</uiIndex>
		<Name>Joe</Name>
		<EnabledSound>1</EnabledSound>
	</PROFILE>
	<PROFILE>
		<uiIndex>80</uiIndex>
		<Name>Steve</Name>
		<EnabledSound>1</EnabledSound>
	</PROFILE>
	<PROFILE>
		<uiIndex>81</uiIndex>
		<Name>Rat</Name>
		<EnabledSound>1</EnabledSound>
	</PROFILE>
	<PROFILE>
		<uiIndex>82</uiIndex>
		<Name>Annie</Name>
		<EnabledSound>1</EnabledSound>
	</PROFILE>
	<PROFILE>
		<uiIndex>83</uiIndex>
		<Name>Chris</Name>
		<EnabledSound>1</EnabledSound>
	</PROFILE>
	<PROFILE>
		<uiIndex>84</uiIndex>
		<Name>Bob</Name>
		<EnabledSound>1</EnabledSound>
	</PROFILE>
	<PROFILE>
		<uiIndex>85</uiIndex>
		<Name>Brenda</Name>
		<EnabledSound>1</EnabledSound>
	</PROFILE>
	<PROFILE>
		<uiIndex>86</uiIndex>
		<Name>Kingpin</Name>
		<EnabledSound>1</EnabledSound>
	</PROFILE>
	<PROFILE>
		<uiIndex>87</uiIndex>
		<Name>Darren</Name>
		<EnabledSound>1</EnabledSound>
	</PROFILE>
	<PROFILE>
		<uiIndex>88</uiIndex>
		<Name>Maria</Name>
		<EnabledSound>1</EnabledSound>
	</PROFILE>
	<PROFILE>
		<uiIndex>89</uiIndex>
		<Name>Angel</Name>
		<EnabledSound>1</EnabledSound>
	</PROFILE>
	<PROFILE>
		<uiIndex>90</uiIndex>
		<Name>Joey</Name>
		<EnabledSound>1</EnabledSound>
	</PROFILE>
	<PROFILE>
		<uiIndex>91</uiIndex>
		<Name>Tony</Name>
		<EnabledSound>1</EnabledSound>
	</PROFILE>
	<PROFILE>
		<uiIndex>92</uiIndex>
		<Name>Frank</Name>
		<EnabledSound>1</EnabledSound>
	</PROFILE>
	<PROFILE>
		<uiIndex>93</uiIndex>
		<Name>Spike</Name>
		<EnabledSound>1</EnabledSound>
	</PROFILE>
	<PROFILE>
		<uiIndex>94</uiIndex>
		<Name>Damon</Name>
		<EnabledSound>1</EnabledSound>
	</PROFILE>
	<PROFILE>
		<uiIndex>95</uiIndex>
		<Name>Kyle</Name>
		<EnabledSound>1</EnabledSound>
	</PROFILE>
	<PROFILE>
		<uiIndex>96</uiIndex>
		<Name>Micky</Name>
		<EnabledSound>1</EnabledSound>
	</PROFILE>
	<PROFILE>
		<uiIndex>97</uiIndex>
		<Name>Skyrider</Name>
		<EnabledSound>1</EnabledSound>
	</PROFILE>
	<PROFILE>
		<uiIndex>98</uiIndex>
		<Name>Pablo</Name>
		<EnabledSound>1</EnabledSound>
	</PROFILE>
	<PROFILE>
		<uiIndex>99</uiIndex>
		<Name>Sal</Name>
		<EnabledSound>1</EnabledSound>
	</PROFILE>
	<PROFILE>
		<uiIndex>100</uiIndex>
		<Name>Father</Name>
		<EnabledSound>1</EnabledSound>
	</PROFILE>
	<PROFILE>
		<uiIndex>101</uiIndex>
		<Name>Fatima</Name>
		<EnabledSound>1</EnabledSound>
	</PROFILE>
	<PROFILE>
		<uiIndex>102</uiIndex>
		<Name>Warden</Name>
		<EnabledSound>1</EnabledSound>
	</PROFILE>
	<PROFILE>
		<uiIndex>103</uiIndex>
		<Name>Gordon</Name>
		<EnabledSound>1</EnabledSound>
	</PROFILE>
	<PROFILE>
		<uiIndex>104</uiIndex>
		<Name>Gabby</Name>
		<EnabledSound>1</EnabledSound>
	</PROFILE>
	<PROFILE>
		<uiIndex>105</uiIndex>
		<Name>Ernest</Name>
		<EnabledSound>1</EnabledSound>
	</PROFILE>
	<PROFILE>
		<uiIndex>106</uiIndex>
		<Name>Fred</Name>
		<EnabledSound>1</EnabledSound>
	</PROFILE>
	<PROFILE>
		<uiIndex>107</uiIndex>
		<Name>Madame</Name>
		<EnabledSound>1</EnabledSound>
	</PROFILE>
	<PROFILE>
		<uiIndex>108</uiIndex>
		<Name>Yanni</Name>
		<EnabledSound>1</EnabledSound>
	</PROFILE>
	<PROFILE>
		<uiIndex>109</uiIndex>
		<Name>Martha</Name>
		<EnabledSound>1</EnabledSound>
	</PROFILE>
	<PROFILE>
		<uiIndex>110</uiIndex>
		<Name>Joe</Name>
		<EnabledSound>1</EnabledSound>
	</PROFILE>
	<PROFILE>
		<uiIndex>111</uiIndex>
		<Name>Jasmin</Name>
		<EnabledSound>1</EnabledSound>
	</PROFILE>
	<PROFILE>
		<uiIndex>112</uiIndex>
		<Name>Charlie</Name>
		<EnabledSound>1</EnabledSound>
	</PROFILE>
	<PROFILE>
		<uiIndex>113</uiIndex>
		<Name>Jake</Name>
		<EnabledSound>1</EnabledSound>
	</PROFILE>
	<PROFILE>
		<uiIndex>114</uiIndex>
		<Name>Pacos</Name>
		<EnabledSound>1</EnabledSound>
	</PROFILE>
	<PROFILE>
		<uiIndex>115</uiIndex>
		<Name>Dave</Name>
		<EnabledSound>1</EnabledSound>
	</PROFILE>
	<PROFILE>
		<uiIndex>116</uiIndex>
		<Name>Skipper</Name>
		<EnabledSound>1</EnabledSound>
	</PROFILE>
	<PROFILE>
		<uiIndex>117</uiIndex>
		<Name>Hans</Name>
		<EnabledSound>1</EnabledSound>
	</PROFILE>
	<PROFILE>
		<uiIndex>118</uiIndex>
		<Name>John</Name>
		<EnabledSound>1</EnabledSound>
	</PROFILE>
	<PROFILE>
		<uiIndex>119</uiIndex>
		<Name>Mary</Name>
		<EnabledSound>1</EnabledSound>
	</PROFILE>
	<PROFILE>
		<uiIndex>120</uiIndex>
		<Name>General</Name>
		<EnabledSound>1</EnabledSound>
	</PROFILE>
	<PROFILE>
		<uiIndex>121</uiIndex>
		<Name>Sergeant</Name>
		<EnabledSound>1</EnabledSound>
	</PROFILE>
	<PROFILE>
		<uiIndex>122</uiIndex>
		<Name>Armand</Name>
		<EnabledSound>1</EnabledSound>
	</PROFILE>
	<PROFILE>
		<uiIndex>123</uiIndex>
		<Name>Lora</Name>
		<EnabledSound>1</EnabledSound>
	</PROFILE>
	<PROFILE>
		<uiIndex>124</uiIndex>
		<Name>Franz</Name>
		<EnabledSound>1</EnabledSound>
	</PROFILE>
	<PROFILE>
		<uiIndex>125</uiIndex>
		<Name>Howard</Name>
		<EnabledSound>1</EnabledSound>
	</PROFILE>
	<PROFILE>
		<uiIndex>126</uiIndex>
		<Name>Sam</Name>
		<EnabledSound>1</EnabledSound>
	</PROFILE>
	<PROFILE>
		<uiIndex>127</uiIndex>
		<Name>Eldin</Name>
		<EnabledSound>1</EnabledSound>
	</PROFILE>
	<PROFILE>
		<uiIndex>128</uiIndex>
		<Name>Arnie</Name>
		<EnabledSound>1</EnabledSound>
	</PROFILE>
	<PROFILE>
		<uiIndex>129</uiIndex>
		<Name>Tina</Name>
		<EnabledSound>1</EnabledSound>
	</PROFILE>
	<PROFILE>
		<uiIndex>130</uiIndex>
		<Name>Fredo</Name>
		<EnabledSound>1</EnabledSound>
	</PROFILE>
	<PROFILE>
		<uiIndex>131</uiIndex>
		<Name>Walter</Name>
		<EnabledSound>1</EnabledSound>
	</PROFILE>
	<PROFILE>
		<uiIndex>132</uiIndex>
		<Name>Jenny</Name>
		<EnabledSound>1</EnabledSound>
	</PROFILE>
	<PROFILE>
		<uiIndex>133</uiIndex>
		<Name>Billy</Name>
		<EnabledSound>1</EnabledSound>
	</PROFILE>
	<PROFILE>
		<uiIndex>134</uiIndex>
		<Name>Brewster</Name>
		<EnabledSound>1</EnabledSound>
	</PROFILE>
	<PROFILE>
		<uiIndex>135</uiIndex>
		<Name>Elliot</Name>
		<EnabledSound>1</EnabledSound>
	</PROFILE>
	<PROFILE>
		<uiIndex>136</uiIndex>
		<Name>Derek</Name>
		<EnabledSound>1</EnabledSound>
	</PROFILE>
	<PROFILE>
		<uiIndex>137</uiIndex>
		<Name>Oliver</Name>
		<EnabledSound>1</EnabledSound>
	</PROFILE>
	<PROFILE>
		<uiIndex>138</uiIndex>
		<Name>Waldo</Name>
		<EnabledSound>1</EnabledSound>
	</PROFILE>
	<PROFILE>
		<uiIndex>139</uiIndex>
		<Name>Doreen</Name>
		<EnabledSound>1</EnabledSound>
	</PROFILE>
	<PROFILE>
		<uiIndex>140</uiIndex>
		<Name>Jim</Name>
		<EnabledSound>1</EnabledSound>
	</PROFILE>
	<PROFILE>
		<uiIndex>141</uiIndex>
		<Name>Jack</Name>
		<EnabledSound>1</EnabledSound>
	</PROFILE>
	<PROFILE>
		<uiIndex>142</uiIndex>
		<Name>Olaf</Name>
		<EnabledSound>1</EnabledSound>
	</PROFILE>
	<PROFILE>
		<uiIndex>143</uiIndex>
		<Name>Ray</Name>
		<EnabledSound>1</EnabledSound>
	</PROFILE>
	<PROFILE>
		<uiIndex>144</uiIndex>
		<Name>Olga</Name>
		<EnabledSound>1</EnabledSound>
	</PROFILE>
	<PROFILE>
		<uiIndex>145</uiIndex>
		<Name>Tyrone</Name>
		<EnabledSound>1</EnabledSound>
	</PROFILE>
	<PROFILE>
		<uiIndex>146</uiIndex>
		<Name>MadLab</Name>
		<EnabledSound>1</EnabledSound>
	</PROFILE>
	<PROFILE>
		<uiIndex>147</uiIndex>
		<Name>Keith</Name>
		<EnabledSound>1</EnabledSound>
	</PROFILE>
	<PROFILE>
		<uiIndex>148</uiIndex>
		<Name>Matt</Name>
		<EnabledSound>1</EnabledSound>
	</PROFILE>
	<PROFILE>
		<uiIndex>149</uiIndex>
		<Name>Mike</Name>
		<EnabledSound>1</EnabledSound>
	</PROFILE>
	<PROFILE>
		<uiIndex>150</uiIndex>
		<Name>Daryl</Name>
		<EnabledSound>1</EnabledSound>
	</PROFILE>
	<PROFILE>
		<uiIndex>151</uiIndex>
		<Name>Herve</Name>
		<EnabledSound>1</EnabledSound>
	</PROFILE>
	<PROFILE>
		<uiIndex>152</uiIndex>
		<Name>Peter</Name>
		<EnabledSound>1</EnabledSound>
	</PROFILE>
	<PROFILE>
		<uiIndex>153</uiIndex>
		<Name>Alberto</Name>
		<EnabledSound>1</EnabledSound>
	</PROFILE>
	<PROFILE>
		<uiIndex>154</uiIndex>
		<Name>Carlo</Name>
		<EnabledSound>1</EnabledSound>
	</PROFILE>
	<PROFILE>
		<uiIndex>155</uiIndex>
		<Name>Manny</Name>
		<EnabledSound>1</EnabledSound>
	</PROFILE>
	<PROFILE>
		<uiIndex>156</uiIndex>
		<Name>Oswald</Name>
		<EnabledSound>1</EnabledSound>
	</PROFILE>
	<PROFILE>
		<uiIndex>157</uiIndex>
		<Name>Calvin </Name>
		<EnabledSound>1</EnabledSound>
	</PROFILE>
	<PROFILE>
		<uiIndex>158</uiIndex>
		<Name>Carl</Name>
		<EnabledSound>1</EnabledSound>
	</PROFILE>
	<PROFILE>
		<uiIndex>159</uiIndex>
		<Name>Speck...</Name>
		<EnabledSound>1</EnabledSound>
	</PROFILE>
	<PROFILE>
		<uiIndex>160</uiIndex>
		<Name>Hummer</Name>
		<EnabledSound>1</EnabledSound>
	</PROFILE>
	<PROFILE>
		<uiIndex>161</uiIndex>
		<Name>El Dorado</Name>
		<EnabledSound>1</EnabledSound>
	</PROFILE>
	<PROFILE>
		<uiIndex>162</uiIndex>
		<Name>Truck</Name>
		<EnabledSound>1</EnabledSound>
	</PROFILE>
	<PROFILE>
		<uiIndex>163</uiIndex>
		<Name></Name>
		<EnabledSound>1</EnabledSound>
	</PROFILE>
	<PROFILE>
		<uiIndex>164</uiIndex>
		<Name></Name>
		<EnabledSound>1</EnabledSound>
	</PROFILE>
	<PROFILE>
		<uiIndex>165</uiIndex>
		<Name>Gaston</Name>
		<EnabledSound>1</EnabledSound>
	</PROFILE>
	<PROFILE>
		<uiIndex>166</uiIndex>
		<Name>Stogie</Name>
		<EnabledSound>1</EnabledSound>
	</PROFILE>
	<PROFILE>
		<uiIndex>167</uiIndex>
		<Name>Tex</Name>
		<EnabledSound>1</EnabledSound>
	</PROFILE>
	<PROFILE>
		<uiIndex>168</uiIndex>
		<Name>Biggins</Name>
		<EnabledSound>1</EnabledSound>
	</PROFILE>
	<PROFILE>
		<uiIndex>169</uiIndex>
		<Name></Name>
		<EnabledSound>1</EnabledSound>
	</PROFILE>
	<PROFILE>
		<uiIndex>170</uiIndex>
		<Name>Gary</Name>
		<EnabledSound>0</EnabledSound>
	</PROFILE>
	<PROFILE>
		<uiIndex>171</uiIndex>
		<Name>Kelly</Name>
		<EnabledSound>0</EnabledSound>
	</PROFILE>
	<PROFILE>
		<uiIndex>172</uiIndex>
		<Name>Leon</Name>
		<EnabledSound>0</EnabledSound>
	</PROFILE>
	<PROFILE>
		<uiIndex>173</uiIndex>
		<Name>Reuban</Name>
		<EnabledSound>0</EnabledSound>
	</PROFILE>
	<PROFILE>
		<uiIndex>174</uiIndex>
		<Name>Sam</Name>
		<EnabledSound>0</EnabledSound>
	</PROFILE>
	<PROFILE>
		<uiIndex>175</uiIndex>
		<Name>Vinny</Name>
		<EnabledSound>0</EnabledSound>
	</PROFILE>
	<PROFILE>
		<uiIndex>176</uiIndex>
		<Name></Name>
		<EnabledSound>0</EnabledSound>
	</PROFILE>
	<PROFILE>
		<uiIndex>177</uiIndex>
		<Name></Name>
		<EnabledSound>0</EnabledSound>
	</PROFILE>
	<PROFILE>
		<uiIndex>178</uiIndex>
		<Name></Name>
		<EnabledSound>0</EnabledSound>
	</PROFILE>
	<PROFILE>
		<uiIndex>179</uiIndex>
		<Name></Name>
		<EnabledSound>0</EnabledSound>
	</PROFILE>
	<PROFILE>
		<uiIndex>180</uiIndex>
		<Name></Name>
		<EnabledSound>0</EnabledSound>
	</PROFILE>
	<PROFILE>
		<uiIndex>181</uiIndex>
		<Name></Name>
		<EnabledSound>0</EnabledSound>
	</PROFILE>
	<PROFILE>
		<uiIndex>182</uiIndex>
		<Name></Name>
		<EnabledSound>0</EnabledSound>
	</PROFILE>
	<PROFILE>
		<uiIndex>183</uiIndex>
		<Name></Name>
		<EnabledSound>0</EnabledSound>
	</PROFILE>
	<PROFILE>
		<uiIndex>184</uiIndex>
		<Name></Name>
		<EnabledSound>0</EnabledSound>
	</PROFILE>
	<PROFILE>
		<uiIndex>185</uiIndex>
		<Name></Name>
		<EnabledSound>0</EnabledSound>
	</PROFILE>
	<PROFILE>
		<uiIndex>186</uiIndex>
		<Name></Name>
		<EnabledSound>0</EnabledSound>
	</PROFILE>
	<PROFILE>
		<uiIndex>187</uiIndex>
		<Name></Name>
		<EnabledSound>0</EnabledSound>
	</PROFILE>
	<PROFILE>
		<uiIndex>188</uiIndex>
		<Name></Name>
		<EnabledSound>0</EnabledSound>
	</PROFILE>
	<PROFILE>
		<uiIndex>189</uiIndex>
		<Name></Name>
		<EnabledSound>0</EnabledSound>
	</PROFILE>
	<PROFILE>
		<uiIndex>190</uiIndex>
		<Name></Name>
		<EnabledSound>0</EnabledSound>
	</PROFILE>
	<PROFILE>
		<uiIndex>191</uiIndex>
		<Name></Name>
		<EnabledSound>0</EnabledSound>
	</PROFILE>
	<PROFILE>
		<uiIndex>192</uiIndex>
		<Name></Name>
		<EnabledSound>0</EnabledSound>
	</PROFILE>
	<PROFILE>
		<uiIndex>193</uiIndex>
		<Name></Name>
		<EnabledSound>0</EnabledSound>
	</PROFILE>
	<PROFILE>
		<uiIndex>194</uiIndex>
		<Name></Name>
		<EnabledSound>0</EnabledSound>
	</PROFILE>
	<PROFILE>
		<uiIndex>195</uiIndex>
		<Name></Name>
		<EnabledSound>0</EnabledSound>
	</PROFILE>
	<PROFILE>
		<uiIndex>196</uiIndex>
		<Name></Name>
		<EnabledSound>0</EnabledSound>
	</PROFILE>
	<PROFILE>
		<uiIndex>197</uiIndex>
		<Name></Name>
		<EnabledSound>0</EnabledSound>
	</PROFILE>
	<PROFILE>
		<uiIndex>198</uiIndex>
		<Name></Name>
		<EnabledSound>0</EnabledSound>
	</PROFILE>
	<PROFILE>
		<uiIndex>199</uiIndex>
		<Name></Name>
		<EnabledSound>0</EnabledSound>
	</PROFILE>
	<PROFILE>
		<uiIndex>200</uiIndex>
		<Name></Name>
		<EnabledSound>0</EnabledSound>
	</PROFILE>
	<PROFILE>
		<uiIndex>201</uiIndex>
		<Name></Name>
		<EnabledSound>0</EnabledSound>
	</PROFILE>
	<PROFILE>
		<uiIndex>202</uiIndex>
		<Name></Name>
		<EnabledSound>0</EnabledSound>
	</PROFILE>
	<PROFILE>
		<uiIndex>203</uiIndex>
		<Name></Name>
		<EnabledSound>0</EnabledSound>
	</PROFILE>
	<PROFILE>
		<uiIndex>204</uiIndex>
		<Name></Name>
		<EnabledSound>0</EnabledSound>
	</PROFILE>
	<PROFILE>
		<uiIndex>205</uiIndex>
		<Name></Name>
		<EnabledSound>0</EnabledSound>
	</PROFILE>
	<PROFILE>
		<uiIndex>206</uiIndex>
		<Name></Name>
		<EnabledSound>0</EnabledSound>
	</PROFILE>
	<PROFILE>
		<uiIndex>207</uiIndex>
		<Name></Name>
		<EnabledSound>0</EnabledSound>
	</PROFILE>
	<PROFILE>
		<uiIndex>208</uiIndex>
		<Name></Name>
		<EnabledSound>0</EnabledSound>
	</PROFILE>
	<PROFILE>
		<uiIndex>209</uiIndex>
		<Name></Name>
		<EnabledSound>0</EnabledSound>
	</PROFILE>
	<PROFILE>
		<uiIndex>210</uiIndex>
		<Name></Name>
		<EnabledSound>0</EnabledSound>
	</PROFILE>
	<PROFILE>
		<uiIndex>211</uiIndex>
		<Name></Name>
		<EnabledSound>0</EnabledSound>
	</PROFILE>
	<PROFILE>
		<uiIndex>212</uiIndex>
		<Name></Name>
		<EnabledSound>0</EnabledSound>
	</PROFILE>
	<PROFILE>
		<uiIndex>213</uiIndex>
		<Name></Name>
		<EnabledSound>0</EnabledSound>
	</PROFILE>
	<PROFILE>
		<uiIndex>214</uiIndex>
		<Name></Name>
		<EnabledSound>0</EnabledSound>
	</PROFILE>
	<PROFILE>
		<uiIndex>215</uiIndex>
		<Name></Name>
		<EnabledSound>0</EnabledSound>
	</PROFILE>
	<PROFILE>
		<uiIndex>216</uiIndex>
		<Name></Name>
		<EnabledSound>0</EnabledSound>
	</PROFILE>
	<PROFILE>
		<uiIndex>217</uiIndex>
		<Name></Name>
		<EnabledSound>0</EnabledSound>
	</PROFILE>
	<PROFILE>
		<uiIndex>218</uiIndex>
		<Name></Name>
		<EnabledSound>0</EnabledSound>
	</PROFILE>
	<PROFILE>
		<uiIndex>219</uiIndex>
		<Name></Name>
		<EnabledSound>0</EnabledSound>
	</PROFILE>
	<PROFILE>
		<uiIndex>220</uiIndex>
		<Name></Name>
		<EnabledSound>0</EnabledSound>
	</PROFILE>
	<PROFILE>
		<uiIndex>221</uiIndex>
		<Name></Name>
		<EnabledSound>0</EnabledSound>
	</PROFILE>
	<PROFILE>
		<uiIndex>222</uiIndex>
		<Name></Name>
		<EnabledSound>0</EnabledSound>
	</PROFILE>
	<PROFILE>
		<uiIndex>223</uiIndex>
		<Name></Name>
		<EnabledSound>0</EnabledSound>
	</PROFILE>
	<PROFILE>
		<uiIndex>224</uiIndex>
		<Name></Name>
		<EnabledSound>0</EnabledSound>
	</PROFILE>
	<PROFILE>
		<uiIndex>225</uiIndex>
		<Name></Name>
		<EnabledSound>0</EnabledSound>
	</PROFILE>
	<PROFILE>
		<uiIndex>226</uiIndex>
		<Name></Name>
		<EnabledSound>0</EnabledSound>
	</PROFILE>
	<PROFILE>
		<uiIndex>227</uiIndex>
		<Name></Name>
		<EnabledSound>0</EnabledSound>
	</PROFILE>
	<PROFILE>
		<uiIndex>228</uiIndex>
		<Name></Name>
		<EnabledSound>0</EnabledSound>
	</PROFILE>
	<PROFILE>
		<uiIndex>229</uiIndex>
		<Name></Name>
		<EnabledSound>0</EnabledSound>
	</PROFILE>
	<PROFILE>
		<uiIndex>230</uiIndex>
		<Name></Name>
		<EnabledSound>0</EnabledSound>
	</PROFILE>
	<PROFILE>
		<uiIndex>231</uiIndex>
		<Name></Name>
		<EnabledSound>0</EnabledSound>
	</PROFILE>
	<PROFILE>
		<uiIndex>232</uiIndex>
		<Name></Name>
		<EnabledSound>0</EnabledSound>
	</PROFILE>
	<PROFILE>
		<uiIndex>233</uiIndex>
		<Name></Name>
		<EnabledSound>0</EnabledSound>
	</PROFILE>
	<PROFILE>
		<uiIndex>234</uiIndex>
		<Name></Name>
		<EnabledSound>0</EnabledSound>
	</PROFILE>
	<PROFILE>
		<uiIndex>235</uiIndex>
		<Name></Name>
		<EnabledSound>0</EnabledSound>
	</PROFILE>
	<PROFILE>
		<uiIndex>236</uiIndex>
		<Name></Name>
		<EnabledSound>0</EnabledSound>
	</PROFILE>
	<PROFILE>
		<uiIndex>237</uiIndex>
		<Name></Name>
		<EnabledSound>0</EnabledSound>
	</PROFILE>
	<PROFILE>
		<uiIndex>238</uiIndex>
		<Name></Name>
		<EnabledSound>0</EnabledSound>
	</PROFILE>
	<PROFILE>
		<uiIndex>239</uiIndex>
		<Name></Name>
		<EnabledSound>0</EnabledSound>
	</PROFILE>
	<PROFILE>
		<uiIndex>240</uiIndex>
		<Name></Name>
		<EnabledSound>0</EnabledSound>
	</PROFILE>
	<PROFILE>
		<uiIndex>241</uiIndex>
		<Name></Name>
		<EnabledSound>0</EnabledSound>
	</PROFILE>
	<PROFILE>
		<uiIndex>242</uiIndex>
		<Name></Name>
		<EnabledSound>0</EnabledSound>
	</PROFILE>
	<PROFILE>
		<uiIndex>243</uiIndex>
		<Name></Name>
		<EnabledSound>0</EnabledSound>
	</PROFILE>
	<PROFILE>
		<uiIndex>244</uiIndex>
		<Name></Name>
		<EnabledSound>0</EnabledSound>
	</PROFILE>
	<PROFILE>
		<uiIndex>245</uiIndex>
		<Name></Name>
		<EnabledSound>0</EnabledSound>
	</PROFILE>
	<PROFILE>
		<uiIndex>246</uiIndex>
		<Name></Name>
		<EnabledSound>0</EnabledSound>
	</PROFILE>
	<PROFILE>
		<uiIndex>247</uiIndex>
		<Name></Name>
		<EnabledSound>0</EnabledSound>
	</PROFILE>
	<PROFILE>
		<uiIndex>248</uiIndex>
		<Name></Name>
		<EnabledSound>0</EnabledSound>
	</PROFILE>
	<PROFILE>
		<uiIndex>249</uiIndex>
		<Name></Name>
		<EnabledSound>0</EnabledSound>
	</PROFILE>
	<PROFILE>
		<uiIndex>250</uiIndex>
		<Name></Name>
		<EnabledSound>0</EnabledSound>
	</PROFILE>
	<PROFILE>
		<uiIndex>251</uiIndex>
		<Name></Name>
		<EnabledSound>0</EnabledSound>
	</PROFILE>
	<PROFILE>
		<uiIndex>252</uiIndex>
		<Name></Name>
		<EnabledSound>0</EnabledSound>
	</PROFILE>
	<PROFILE>
		<uiIndex>253</uiIndex>
		<Name></Name>
		<EnabledSound>0</EnabledSound>
	</PROFILE>
	<PROFILE>
		<uiIndex>254</uiIndex>
		<Name></Name>
		<EnabledSound>0</EnabledSound>
	</PROFILE>
</SOUNDPROFILE>
