<!--
QuoteExpHeadShotOnly 		- this is for quote 33 (0=generic grossout, 1=headshot specific)
QuoteExpTeamSpecific 		- this is for quote 41 (0=refers to anyone, 1=team specific)
QuoteExpGenderCode 		- this is for quote 58 (0=male, 1=female, 2=either)
QuoteExpGotGunOrUsedGun 	- this is to indicate whether they have quote 61 or 62
QuoteExpPassingDislike		- this is to indicate what kind of quote 45 (if any) mercs have
QuoteExpWitnessDeidrannaDeath 	- this is to indicate what kind of quote 37,(Killed Deidranna) quote mercs have, 0 means it can only be used if merc is the KILLER, a 1 means it can be used if they have LOS to her at time of her death.
QuoteExpWitnessQueenBugDeath    - this is to indicate what kind of quote 38,(Killed Queen Bug) quote mercs have, 0 means it can only be used if merc is the KILLER, a 1 means it can be used if they have LOS to her at time of her death.
Name		               	- description (optional)
-->

<QARRAY>
	<PROFILE>
		<uiIndex>0</uiIndex>
		<Name>Barry</Name>
		<QuoteExpHeadShotOnly>1</QuoteExpHeadShotOnly>
		<QuoteExpTeamSpecific>1</QuoteExpTeamSpecific>
		<QuoteExpGenderCode>0</QuoteExpGenderCode>
		<QuoteExpGotGunOrUsedGun>62</QuoteExpGotGunOrUsedGun>
		<QuoteExpPassingDislike>2</QuoteExpPassingDislike>
		<QuoteExpWitnessQueenBugDeath>0</QuoteExpWitnessQueenBugDeath>
		<QuoteExpWitnessDeidrannaDeath>0</QuoteExpWitnessDeidrannaDeath>
	</PROFILE>
	<PROFILE>
		<uiIndex>1</uiIndex>
		<Name>Blood</Name>
		<QuoteExpHeadShotOnly>1</QuoteExpHeadShotOnly>
		<QuoteExpTeamSpecific>1</QuoteExpTeamSpecific>
		<QuoteExpGenderCode>2</QuoteExpGenderCode>
		<QuoteExpGotGunOrUsedGun>62</QuoteExpGotGunOrUsedGun>
		<QuoteExpPassingDislike>4</QuoteExpPassingDislike>
		<QuoteExpWitnessQueenBugDeath>1</QuoteExpWitnessQueenBugDeath>
		<QuoteExpWitnessDeidrannaDeath>0</QuoteExpWitnessDeidrannaDeath>
	</PROFILE>
	<PROFILE>
		<uiIndex>2</uiIndex>
		<Name>Lynx</Name>
		<QuoteExpHeadShotOnly>1</QuoteExpHeadShotOnly>
		<QuoteExpTeamSpecific>1</QuoteExpTeamSpecific>
		<QuoteExpGenderCode>0</QuoteExpGenderCode>
		<QuoteExpGotGunOrUsedGun>62</QuoteExpGotGunOrUsedGun>
		<QuoteExpPassingDislike>2</QuoteExpPassingDislike>
		<QuoteExpWitnessQueenBugDeath>1</QuoteExpWitnessQueenBugDeath>
		<QuoteExpWitnessDeidrannaDeath>0</QuoteExpWitnessDeidrannaDeath>
	</PROFILE>
	<PROFILE>
		<uiIndex>3</uiIndex>
		<Name>Grizzly</Name>
		<QuoteExpHeadShotOnly>1</QuoteExpHeadShotOnly>
		<QuoteExpTeamSpecific>1</QuoteExpTeamSpecific>
		<QuoteExpGenderCode>2</QuoteExpGenderCode>
		<QuoteExpGotGunOrUsedGun>62</QuoteExpGotGunOrUsedGun>
		<QuoteExpPassingDislike>5</QuoteExpPassingDislike>
		<QuoteExpWitnessQueenBugDeath>1</QuoteExpWitnessQueenBugDeath>
		<QuoteExpWitnessDeidrannaDeath>1</QuoteExpWitnessDeidrannaDeath>
	</PROFILE>
	<PROFILE>
		<uiIndex>4</uiIndex>
		<Name>Vicki</Name>
		<QuoteExpHeadShotOnly>1</QuoteExpHeadShotOnly>
		<QuoteExpTeamSpecific>1</QuoteExpTeamSpecific>
		<QuoteExpGenderCode>2</QuoteExpGenderCode>
		<QuoteExpGotGunOrUsedGun>61</QuoteExpGotGunOrUsedGun>
		<QuoteExpPassingDislike>2</QuoteExpPassingDislike>
		<QuoteExpWitnessQueenBugDeath>1</QuoteExpWitnessQueenBugDeath>
		<QuoteExpWitnessDeidrannaDeath>1</QuoteExpWitnessDeidrannaDeath>
	</PROFILE>
	<PROFILE>
		<uiIndex>5</uiIndex>
		<Name>Trevor</Name>
		<QuoteExpHeadShotOnly>0</QuoteExpHeadShotOnly>
		<QuoteExpTeamSpecific>1</QuoteExpTeamSpecific>
		<QuoteExpGenderCode>2</QuoteExpGenderCode>
		<QuoteExpGotGunOrUsedGun>61</QuoteExpGotGunOrUsedGun>
		<QuoteExpPassingDislike>4</QuoteExpPassingDislike>
		<QuoteExpWitnessQueenBugDeath>1</QuoteExpWitnessQueenBugDeath>
		<QuoteExpWitnessDeidrannaDeath>1</QuoteExpWitnessDeidrannaDeath>
	</PROFILE>
	<PROFILE>
		<uiIndex>6</uiIndex>
		<Name>Grunty</Name>
		<QuoteExpHeadShotOnly>1</QuoteExpHeadShotOnly>
		<QuoteExpTeamSpecific>1</QuoteExpTeamSpecific>
		<QuoteExpGenderCode>2</QuoteExpGenderCode>
		<QuoteExpGotGunOrUsedGun>61</QuoteExpGotGunOrUsedGun>
		<QuoteExpPassingDislike>2</QuoteExpPassingDislike>
		<QuoteExpWitnessQueenBugDeath>0</QuoteExpWitnessQueenBugDeath>
		<QuoteExpWitnessDeidrannaDeath>0</QuoteExpWitnessDeidrannaDeath>
	</PROFILE>
	<PROFILE>
		<uiIndex>7</uiIndex>
		<Name>Ivan</Name>
		<QuoteExpHeadShotOnly>0</QuoteExpHeadShotOnly>
		<QuoteExpTeamSpecific>0</QuoteExpTeamSpecific>
		<QuoteExpGenderCode>2</QuoteExpGenderCode>
		<QuoteExpGotGunOrUsedGun>61</QuoteExpGotGunOrUsedGun>
		<QuoteExpPassingDislike>0</QuoteExpPassingDislike>
		<QuoteExpWitnessQueenBugDeath>1</QuoteExpWitnessQueenBugDeath>
		<QuoteExpWitnessDeidrannaDeath>0</QuoteExpWitnessDeidrannaDeath>
	</PROFILE>
	<PROFILE>
		<uiIndex>8</uiIndex>
		<Name>Steroid</Name>
		<QuoteExpHeadShotOnly>1</QuoteExpHeadShotOnly>
		<QuoteExpTeamSpecific>1</QuoteExpTeamSpecific>
		<QuoteExpGenderCode>0</QuoteExpGenderCode>
		<QuoteExpGotGunOrUsedGun>61</QuoteExpGotGunOrUsedGun>
		<QuoteExpPassingDislike>4</QuoteExpPassingDislike>
		<QuoteExpWitnessQueenBugDeath>0</QuoteExpWitnessQueenBugDeath>
		<QuoteExpWitnessDeidrannaDeath>0</QuoteExpWitnessDeidrannaDeath>
	</PROFILE>
	<PROFILE>
		<uiIndex>9</uiIndex>
		<Name>Igor</Name>
		<QuoteExpHeadShotOnly>0</QuoteExpHeadShotOnly>
		<QuoteExpTeamSpecific>1</QuoteExpTeamSpecific>
		<QuoteExpGenderCode>2</QuoteExpGenderCode>
		<QuoteExpGotGunOrUsedGun>62</QuoteExpGotGunOrUsedGun>
		<QuoteExpPassingDislike>0</QuoteExpPassingDislike>
		<QuoteExpWitnessQueenBugDeath>1</QuoteExpWitnessQueenBugDeath>
		<QuoteExpWitnessDeidrannaDeath>1</QuoteExpWitnessDeidrannaDeath>
	</PROFILE>
	<PROFILE>
		<uiIndex>10</uiIndex>
		<Name>Shadow</Name>
		<QuoteExpHeadShotOnly>0</QuoteExpHeadShotOnly>
		<QuoteExpTeamSpecific>1</QuoteExpTeamSpecific>
		<QuoteExpGenderCode>0</QuoteExpGenderCode>
		<QuoteExpGotGunOrUsedGun>62</QuoteExpGotGunOrUsedGun>
		<QuoteExpPassingDislike>4</QuoteExpPassingDislike>
		<QuoteExpWitnessQueenBugDeath>1</QuoteExpWitnessQueenBugDeath>
		<QuoteExpWitnessDeidrannaDeath>1</QuoteExpWitnessDeidrannaDeath>
	</PROFILE>
	<PROFILE>
		<uiIndex>11</uiIndex>
		<Name>Red</Name>
		<QuoteExpHeadShotOnly>0</QuoteExpHeadShotOnly>
		<QuoteExpTeamSpecific>0</QuoteExpTeamSpecific>
		<QuoteExpGenderCode>1</QuoteExpGenderCode>
		<QuoteExpGotGunOrUsedGun>61</QuoteExpGotGunOrUsedGun>
		<QuoteExpPassingDislike>4</QuoteExpPassingDislike>
		<QuoteExpWitnessQueenBugDeath>0</QuoteExpWitnessQueenBugDeath>
		<QuoteExpWitnessDeidrannaDeath>0</QuoteExpWitnessDeidrannaDeath>
	</PROFILE>
	<PROFILE>
		<uiIndex>12</uiIndex>
		<Name>Reaper</Name>
		<QuoteExpHeadShotOnly>1</QuoteExpHeadShotOnly>
		<QuoteExpTeamSpecific>1</QuoteExpTeamSpecific>
		<QuoteExpGenderCode>0</QuoteExpGenderCode>
		<QuoteExpGotGunOrUsedGun>61</QuoteExpGotGunOrUsedGun>
		<QuoteExpPassingDislike>0</QuoteExpPassingDislike>
		<QuoteExpWitnessQueenBugDeath>1</QuoteExpWitnessQueenBugDeath>
		<QuoteExpWitnessDeidrannaDeath>1</QuoteExpWitnessDeidrannaDeath>
	</PROFILE>
	<PROFILE>
		<uiIndex>13</uiIndex>
		<Name>Fidel</Name>
		<QuoteExpHeadShotOnly>1</QuoteExpHeadShotOnly>
		<QuoteExpTeamSpecific>1</QuoteExpTeamSpecific>
		<QuoteExpGenderCode>2</QuoteExpGenderCode>
		<QuoteExpGotGunOrUsedGun>62</QuoteExpGotGunOrUsedGun>
		<QuoteExpPassingDislike>4</QuoteExpPassingDislike>
		<QuoteExpWitnessQueenBugDeath>0</QuoteExpWitnessQueenBugDeath>
		<QuoteExpWitnessDeidrannaDeath>0</QuoteExpWitnessDeidrannaDeath>
	</PROFILE>
	<PROFILE>
		<uiIndex>14</uiIndex>
		<Name>Fox</Name>
		<QuoteExpHeadShotOnly>0</QuoteExpHeadShotOnly>
		<QuoteExpTeamSpecific>1</QuoteExpTeamSpecific>
		<QuoteExpGenderCode>0</QuoteExpGenderCode>
		<QuoteExpGotGunOrUsedGun>61</QuoteExpGotGunOrUsedGun>
		<QuoteExpPassingDislike>3</QuoteExpPassingDislike>
		<QuoteExpWitnessQueenBugDeath>1</QuoteExpWitnessQueenBugDeath>
		<QuoteExpWitnessDeidrannaDeath>1</QuoteExpWitnessDeidrannaDeath>
	</PROFILE>
	<PROFILE>
		<uiIndex>15</uiIndex>
		<Name>Sidney</Name>
		<QuoteExpHeadShotOnly>1</QuoteExpHeadShotOnly>
		<QuoteExpTeamSpecific>1</QuoteExpTeamSpecific>
		<QuoteExpGenderCode>0</QuoteExpGenderCode>
		<QuoteExpGotGunOrUsedGun>62</QuoteExpGotGunOrUsedGun>
		<QuoteExpPassingDislike>4</QuoteExpPassingDislike>
		<QuoteExpWitnessQueenBugDeath>1</QuoteExpWitnessQueenBugDeath>
		<QuoteExpWitnessDeidrannaDeath>1</QuoteExpWitnessDeidrannaDeath>
	</PROFILE>
	<PROFILE>
		<uiIndex>16</uiIndex>
		<Name>Gus</Name>
		<QuoteExpHeadShotOnly>1</QuoteExpHeadShotOnly>
		<QuoteExpTeamSpecific>0</QuoteExpTeamSpecific>
		<QuoteExpGenderCode>1</QuoteExpGenderCode>
		<QuoteExpGotGunOrUsedGun>62</QuoteExpGotGunOrUsedGun>
		<QuoteExpPassingDislike>4</QuoteExpPassingDislike>
		<QuoteExpWitnessQueenBugDeath>1</QuoteExpWitnessQueenBugDeath>
		<QuoteExpWitnessDeidrannaDeath>1</QuoteExpWitnessDeidrannaDeath>
	</PROFILE>
	<PROFILE>
		<uiIndex>17</uiIndex>
		<Name>Buns</Name>
		<QuoteExpHeadShotOnly>0</QuoteExpHeadShotOnly>
		<QuoteExpTeamSpecific>1</QuoteExpTeamSpecific>
		<QuoteExpGenderCode>2</QuoteExpGenderCode>
		<QuoteExpGotGunOrUsedGun>62</QuoteExpGotGunOrUsedGun>
		<QuoteExpPassingDislike>3</QuoteExpPassingDislike>
		<QuoteExpWitnessQueenBugDeath>1</QuoteExpWitnessQueenBugDeath>
		<QuoteExpWitnessDeidrannaDeath>1</QuoteExpWitnessDeidrannaDeath>
	</PROFILE>
	<PROFILE>
		<uiIndex>18</uiIndex>
		<Name>Ice</Name>
		<QuoteExpHeadShotOnly>1</QuoteExpHeadShotOnly>
		<QuoteExpTeamSpecific>1</QuoteExpTeamSpecific>
		<QuoteExpGenderCode>0</QuoteExpGenderCode>
		<QuoteExpGotGunOrUsedGun>62</QuoteExpGotGunOrUsedGun>
		<QuoteExpPassingDislike>4</QuoteExpPassingDislike>
		<QuoteExpWitnessQueenBugDeath>1</QuoteExpWitnessQueenBugDeath>
		<QuoteExpWitnessDeidrannaDeath>1</QuoteExpWitnessDeidrannaDeath>
	</PROFILE>
	<PROFILE>
		<uiIndex>19</uiIndex>
		<Name>Spider</Name>
		<QuoteExpHeadShotOnly>0</QuoteExpHeadShotOnly>
		<QuoteExpTeamSpecific>1</QuoteExpTeamSpecific>
		<QuoteExpGenderCode>1</QuoteExpGenderCode>
		<QuoteExpGotGunOrUsedGun>61</QuoteExpGotGunOrUsedGun>
		<QuoteExpPassingDislike>2</QuoteExpPassingDislike>
		<QuoteExpWitnessQueenBugDeath>1</QuoteExpWitnessQueenBugDeath>
		<QuoteExpWitnessDeidrannaDeath>1</QuoteExpWitnessDeidrannaDeath>
	</PROFILE>
	<PROFILE>
		<uiIndex>20</uiIndex>
		<Name>Cliff</Name>
		<QuoteExpHeadShotOnly>1</QuoteExpHeadShotOnly>
		<QuoteExpTeamSpecific>1</QuoteExpTeamSpecific>
		<QuoteExpGenderCode>0</QuoteExpGenderCode>
		<QuoteExpGotGunOrUsedGun>62</QuoteExpGotGunOrUsedGun>
		<QuoteExpPassingDislike>5</QuoteExpPassingDislike>
		<QuoteExpWitnessQueenBugDeath>1</QuoteExpWitnessQueenBugDeath>
		<QuoteExpWitnessDeidrannaDeath>0</QuoteExpWitnessDeidrannaDeath>
	</PROFILE>
	<PROFILE>
		<uiIndex>21</uiIndex>
		<Name>Bull</Name>
		<QuoteExpHeadShotOnly>1</QuoteExpHeadShotOnly>
		<QuoteExpTeamSpecific>1</QuoteExpTeamSpecific>
		<QuoteExpGenderCode>2</QuoteExpGenderCode>
		<QuoteExpGotGunOrUsedGun>62</QuoteExpGotGunOrUsedGun>
		<QuoteExpPassingDislike>0</QuoteExpPassingDislike>
		<QuoteExpWitnessQueenBugDeath>1</QuoteExpWitnessQueenBugDeath>
		<QuoteExpWitnessDeidrannaDeath>0</QuoteExpWitnessDeidrannaDeath>
	</PROFILE>
	<PROFILE>
		<uiIndex>22</uiIndex>
		<Name>Hitman</Name>
		<QuoteExpHeadShotOnly>1</QuoteExpHeadShotOnly>
		<QuoteExpTeamSpecific>1</QuoteExpTeamSpecific>
		<QuoteExpGenderCode>2</QuoteExpGenderCode>
		<QuoteExpGotGunOrUsedGun>61</QuoteExpGotGunOrUsedGun>
		<QuoteExpPassingDislike>0</QuoteExpPassingDislike>
		<QuoteExpWitnessQueenBugDeath>1</QuoteExpWitnessQueenBugDeath>
		<QuoteExpWitnessDeidrannaDeath>1</QuoteExpWitnessDeidrannaDeath>
	</PROFILE>
	<PROFILE>
		<uiIndex>23</uiIndex>
		<Name>Buzz</Name>
		<QuoteExpHeadShotOnly>1</QuoteExpHeadShotOnly>
		<QuoteExpTeamSpecific>1</QuoteExpTeamSpecific>
		<QuoteExpGenderCode>0</QuoteExpGenderCode>
		<QuoteExpGotGunOrUsedGun>62</QuoteExpGotGunOrUsedGun>
		<QuoteExpPassingDislike>6</QuoteExpPassingDislike>
		<QuoteExpWitnessQueenBugDeath>1</QuoteExpWitnessQueenBugDeath>
		<QuoteExpWitnessDeidrannaDeath>0</QuoteExpWitnessDeidrannaDeath>
	</PROFILE>
	<PROFILE>
		<uiIndex>24</uiIndex>
		<Name>Raider</Name>
		<QuoteExpHeadShotOnly>0</QuoteExpHeadShotOnly>
		<QuoteExpTeamSpecific>1</QuoteExpTeamSpecific>
		<QuoteExpGenderCode>2</QuoteExpGenderCode>
		<QuoteExpGotGunOrUsedGun>62</QuoteExpGotGunOrUsedGun>
		<QuoteExpPassingDislike>0</QuoteExpPassingDislike>
		<QuoteExpWitnessQueenBugDeath>1</QuoteExpWitnessQueenBugDeath>
		<QuoteExpWitnessDeidrannaDeath>1</QuoteExpWitnessDeidrannaDeath>
	</PROFILE>
	<PROFILE>
		<uiIndex>25</uiIndex>
		<Name>Raven</Name>
		<QuoteExpHeadShotOnly>1</QuoteExpHeadShotOnly>
		<QuoteExpTeamSpecific>1</QuoteExpTeamSpecific>
		<QuoteExpGenderCode>2</QuoteExpGenderCode>
		<QuoteExpGotGunOrUsedGun>62</QuoteExpGotGunOrUsedGun>
		<QuoteExpPassingDislike>0</QuoteExpPassingDislike>
		<QuoteExpWitnessQueenBugDeath>1</QuoteExpWitnessQueenBugDeath>
		<QuoteExpWitnessDeidrannaDeath>0</QuoteExpWitnessDeidrannaDeath>
	</PROFILE>
	<PROFILE>
		<uiIndex>26</uiIndex>
		<Name>Static</Name>
		<QuoteExpHeadShotOnly>1</QuoteExpHeadShotOnly>
		<QuoteExpTeamSpecific>1</QuoteExpTeamSpecific>
		<QuoteExpGenderCode>2</QuoteExpGenderCode>
		<QuoteExpGotGunOrUsedGun>62</QuoteExpGotGunOrUsedGun>
		<QuoteExpPassingDislike>4</QuoteExpPassingDislike>
		<QuoteExpWitnessQueenBugDeath>1</QuoteExpWitnessQueenBugDeath>
		<QuoteExpWitnessDeidrannaDeath>1</QuoteExpWitnessDeidrannaDeath>
	</PROFILE>
	<PROFILE>
		<uiIndex>27</uiIndex>
		<Name>Len</Name>
		<QuoteExpHeadShotOnly>1</QuoteExpHeadShotOnly>
		<QuoteExpTeamSpecific>1</QuoteExpTeamSpecific>
		<QuoteExpGenderCode>2</QuoteExpGenderCode>
		<QuoteExpGotGunOrUsedGun>62</QuoteExpGotGunOrUsedGun>
		<QuoteExpPassingDislike>2</QuoteExpPassingDislike>
		<QuoteExpWitnessQueenBugDeath>1</QuoteExpWitnessQueenBugDeath>
		<QuoteExpWitnessDeidrannaDeath>1</QuoteExpWitnessDeidrannaDeath>
	</PROFILE>
	<PROFILE>
		<uiIndex>28</uiIndex>
		<Name>Danny</Name>
		<QuoteExpHeadShotOnly>1</QuoteExpHeadShotOnly>
		<QuoteExpTeamSpecific>0</QuoteExpTeamSpecific>
		<QuoteExpGenderCode>0</QuoteExpGenderCode>
		<QuoteExpGotGunOrUsedGun>61</QuoteExpGotGunOrUsedGun>
		<QuoteExpPassingDislike>2</QuoteExpPassingDislike>
		<QuoteExpWitnessQueenBugDeath>1</QuoteExpWitnessQueenBugDeath>
		<QuoteExpWitnessDeidrannaDeath>1</QuoteExpWitnessDeidrannaDeath>
	</PROFILE>
	<PROFILE>
		<uiIndex>29</uiIndex>
		<Name>Magic</Name>
		<QuoteExpHeadShotOnly>1</QuoteExpHeadShotOnly>
		<QuoteExpTeamSpecific>1</QuoteExpTeamSpecific>
		<QuoteExpGenderCode>2</QuoteExpGenderCode>
		<QuoteExpGotGunOrUsedGun>62</QuoteExpGotGunOrUsedGun>
		<QuoteExpPassingDislike>4</QuoteExpPassingDislike>
		<QuoteExpWitnessQueenBugDeath>1</QuoteExpWitnessQueenBugDeath>
		<QuoteExpWitnessDeidrannaDeath>1</QuoteExpWitnessDeidrannaDeath>
	</PROFILE>
	<PROFILE>
		<uiIndex>30</uiIndex>
		<Name>Stephen</Name>
		<QuoteExpHeadShotOnly>0</QuoteExpHeadShotOnly>
		<QuoteExpTeamSpecific>1</QuoteExpTeamSpecific>
		<QuoteExpGenderCode>0</QuoteExpGenderCode>
		<QuoteExpGotGunOrUsedGun>62</QuoteExpGotGunOrUsedGun>
		<QuoteExpPassingDislike>4</QuoteExpPassingDislike>
		<QuoteExpWitnessQueenBugDeath>1</QuoteExpWitnessQueenBugDeath>
		<QuoteExpWitnessDeidrannaDeath>1</QuoteExpWitnessDeidrannaDeath>
	</PROFILE>
	<PROFILE>
		<uiIndex>31</uiIndex>
		<Name>Scully</Name>
		<QuoteExpHeadShotOnly>1</QuoteExpHeadShotOnly>
		<QuoteExpTeamSpecific>1</QuoteExpTeamSpecific>
		<QuoteExpGenderCode>2</QuoteExpGenderCode>
		<QuoteExpGotGunOrUsedGun>62</QuoteExpGotGunOrUsedGun>
		<QuoteExpPassingDislike>1</QuoteExpPassingDislike>
		<QuoteExpWitnessQueenBugDeath>1</QuoteExpWitnessQueenBugDeath>
		<QuoteExpWitnessDeidrannaDeath>1</QuoteExpWitnessDeidrannaDeath>
	</PROFILE>
	<PROFILE>
		<uiIndex>32</uiIndex>
		<Name>Malice</Name>
		<QuoteExpHeadShotOnly>1</QuoteExpHeadShotOnly>
		<QuoteExpTeamSpecific>0</QuoteExpTeamSpecific>
		<QuoteExpGenderCode>2</QuoteExpGenderCode>
		<QuoteExpGotGunOrUsedGun>62</QuoteExpGotGunOrUsedGun>
		<QuoteExpPassingDislike>4</QuoteExpPassingDislike>
		<QuoteExpWitnessQueenBugDeath>1</QuoteExpWitnessQueenBugDeath>
		<QuoteExpWitnessDeidrannaDeath>1</QuoteExpWitnessDeidrannaDeath>
	</PROFILE>
	<PROFILE>
		<uiIndex>33</uiIndex>
		<Name>Dr.Q</Name>
		<QuoteExpHeadShotOnly>1</QuoteExpHeadShotOnly>
		<QuoteExpTeamSpecific>1</QuoteExpTeamSpecific>
		<QuoteExpGenderCode>0</QuoteExpGenderCode>
		<QuoteExpGotGunOrUsedGun>62</QuoteExpGotGunOrUsedGun>
		<QuoteExpPassingDislike>0</QuoteExpPassingDislike>
		<QuoteExpWitnessQueenBugDeath>0</QuoteExpWitnessQueenBugDeath>
		<QuoteExpWitnessDeidrannaDeath>1</QuoteExpWitnessDeidrannaDeath>
	</PROFILE>
	<PROFILE>
		<uiIndex>34</uiIndex>
		<Name>Nails</Name>
		<QuoteExpHeadShotOnly>1</QuoteExpHeadShotOnly>
		<QuoteExpTeamSpecific>1</QuoteExpTeamSpecific>
		<QuoteExpGenderCode>2</QuoteExpGenderCode>
		<QuoteExpGotGunOrUsedGun>62</QuoteExpGotGunOrUsedGun>
		<QuoteExpPassingDislike>1</QuoteExpPassingDislike>
		<QuoteExpWitnessQueenBugDeath>1</QuoteExpWitnessQueenBugDeath>
		<QuoteExpWitnessDeidrannaDeath>1</QuoteExpWitnessDeidrannaDeath>
	</PROFILE>
	<PROFILE>
		<uiIndex>35</uiIndex>
		<Name>Thor</Name>
		<QuoteExpHeadShotOnly>1</QuoteExpHeadShotOnly>
		<QuoteExpTeamSpecific>1</QuoteExpTeamSpecific>
		<QuoteExpGenderCode>2</QuoteExpGenderCode>
		<QuoteExpGotGunOrUsedGun>61</QuoteExpGotGunOrUsedGun>
		<QuoteExpPassingDislike>0</QuoteExpPassingDislike>
		<QuoteExpWitnessQueenBugDeath>1</QuoteExpWitnessQueenBugDeath>
		<QuoteExpWitnessDeidrannaDeath>1</QuoteExpWitnessDeidrannaDeath>
	</PROFILE>
	<PROFILE>
		<uiIndex>36</uiIndex>
		<Name>Scope</Name>
		<QuoteExpHeadShotOnly>1</QuoteExpHeadShotOnly>
		<QuoteExpTeamSpecific>1</QuoteExpTeamSpecific>
		<QuoteExpGenderCode>2</QuoteExpGenderCode>
		<QuoteExpGotGunOrUsedGun>61</QuoteExpGotGunOrUsedGun>
		<QuoteExpPassingDislike>4</QuoteExpPassingDislike>
		<QuoteExpWitnessQueenBugDeath>1</QuoteExpWitnessQueenBugDeath>
		<QuoteExpWitnessDeidrannaDeath>1</QuoteExpWitnessDeidrannaDeath>
	</PROFILE>
	<PROFILE>
		<uiIndex>37</uiIndex>
		<Name>Wolf</Name>
		<QuoteExpHeadShotOnly>0</QuoteExpHeadShotOnly>
		<QuoteExpTeamSpecific>0</QuoteExpTeamSpecific>
		<QuoteExpGenderCode>2</QuoteExpGenderCode>
		<QuoteExpGotGunOrUsedGun>62</QuoteExpGotGunOrUsedGun>
		<QuoteExpPassingDislike>0</QuoteExpPassingDislike>
		<QuoteExpWitnessQueenBugDeath>1</QuoteExpWitnessQueenBugDeath>
		<QuoteExpWitnessDeidrannaDeath>0</QuoteExpWitnessDeidrannaDeath>
	</PROFILE>
	<PROFILE>
		<uiIndex>38</uiIndex>
		<Name>MD</Name>
		<QuoteExpHeadShotOnly>0</QuoteExpHeadShotOnly>
		<QuoteExpTeamSpecific>1</QuoteExpTeamSpecific>
		<QuoteExpGenderCode>2</QuoteExpGenderCode>
		<QuoteExpGotGunOrUsedGun>61</QuoteExpGotGunOrUsedGun>
		<QuoteExpPassingDislike>0</QuoteExpPassingDislike>
		<QuoteExpWitnessQueenBugDeath>0</QuoteExpWitnessQueenBugDeath>
		<QuoteExpWitnessDeidrannaDeath>0</QuoteExpWitnessDeidrannaDeath>
	</PROFILE>
	<PROFILE>
		<uiIndex>39</uiIndex>
		<Name>Meltdown</Name>
		<QuoteExpHeadShotOnly>0</QuoteExpHeadShotOnly>
		<QuoteExpTeamSpecific>0</QuoteExpTeamSpecific>
		<QuoteExpGenderCode>2</QuoteExpGenderCode>
		<QuoteExpGotGunOrUsedGun>62</QuoteExpGotGunOrUsedGun>
		<QuoteExpPassingDislike>2</QuoteExpPassingDislike>
		<QuoteExpWitnessQueenBugDeath>1</QuoteExpWitnessQueenBugDeath>
		<QuoteExpWitnessDeidrannaDeath>1</QuoteExpWitnessDeidrannaDeath>
	</PROFILE>
	<PROFILE>
		<uiIndex>40</uiIndex>
		<Name>Biff</Name>
		<QuoteExpHeadShotOnly>1</QuoteExpHeadShotOnly>
		<QuoteExpTeamSpecific>1</QuoteExpTeamSpecific>
		<QuoteExpGenderCode>2</QuoteExpGenderCode>
		<QuoteExpGotGunOrUsedGun>61</QuoteExpGotGunOrUsedGun>
		<QuoteExpPassingDislike>0</QuoteExpPassingDislike>
		<QuoteExpWitnessQueenBugDeath>0</QuoteExpWitnessQueenBugDeath>
		<QuoteExpWitnessDeidrannaDeath>1</QuoteExpWitnessDeidrannaDeath>
	</PROFILE>
	<PROFILE>
		<uiIndex>41</uiIndex>
		<Name>Haywire</Name>
		<QuoteExpHeadShotOnly>1</QuoteExpHeadShotOnly>
		<QuoteExpTeamSpecific>1</QuoteExpTeamSpecific>
		<QuoteExpGenderCode>0</QuoteExpGenderCode>
		<QuoteExpGotGunOrUsedGun>62</QuoteExpGotGunOrUsedGun>
		<QuoteExpPassingDislike>5</QuoteExpPassingDislike>
		<QuoteExpWitnessQueenBugDeath>1</QuoteExpWitnessQueenBugDeath>
		<QuoteExpWitnessDeidrannaDeath>1</QuoteExpWitnessDeidrannaDeath>
	</PROFILE>
	<PROFILE>
		<uiIndex>42</uiIndex>
		<Name>Gasket</Name>
		<QuoteExpHeadShotOnly>1</QuoteExpHeadShotOnly>
		<QuoteExpTeamSpecific>1</QuoteExpTeamSpecific>
		<QuoteExpGenderCode>2</QuoteExpGenderCode>
		<QuoteExpGotGunOrUsedGun>61</QuoteExpGotGunOrUsedGun>
		<QuoteExpPassingDislike>4</QuoteExpPassingDislike>
		<QuoteExpWitnessQueenBugDeath>0</QuoteExpWitnessQueenBugDeath>
		<QuoteExpWitnessDeidrannaDeath>1</QuoteExpWitnessDeidrannaDeath>
	</PROFILE>
	<PROFILE>
		<uiIndex>43</uiIndex>
		<Name>Razor</Name>
		<QuoteExpHeadShotOnly>1</QuoteExpHeadShotOnly>
		<QuoteExpTeamSpecific>1</QuoteExpTeamSpecific>
		<QuoteExpGenderCode>0</QuoteExpGenderCode>
		<QuoteExpGotGunOrUsedGun>61</QuoteExpGotGunOrUsedGun>
		<QuoteExpPassingDislike>4</QuoteExpPassingDislike>
		<QuoteExpWitnessQueenBugDeath>1</QuoteExpWitnessQueenBugDeath>
		<QuoteExpWitnessDeidrannaDeath>1</QuoteExpWitnessDeidrannaDeath>
	</PROFILE>
	<PROFILE>
		<uiIndex>44</uiIndex>
		<Name>Flo</Name>
		<QuoteExpHeadShotOnly>0</QuoteExpHeadShotOnly>
		<QuoteExpTeamSpecific>0</QuoteExpTeamSpecific>
		<QuoteExpGenderCode>2</QuoteExpGenderCode>
		<QuoteExpGotGunOrUsedGun>62</QuoteExpGotGunOrUsedGun>
		<QuoteExpPassingDislike>0</QuoteExpPassingDislike>
		<QuoteExpWitnessQueenBugDeath>1</QuoteExpWitnessQueenBugDeath>
		<QuoteExpWitnessDeidrannaDeath>0</QuoteExpWitnessDeidrannaDeath>
	</PROFILE>
	<PROFILE>
		<uiIndex>45</uiIndex>
		<Name>Gumpy</Name>
		<QuoteExpHeadShotOnly>1</QuoteExpHeadShotOnly>
		<QuoteExpTeamSpecific>1</QuoteExpTeamSpecific>
		<QuoteExpGenderCode>0</QuoteExpGenderCode>
		<QuoteExpGotGunOrUsedGun>62</QuoteExpGotGunOrUsedGun>
		<QuoteExpPassingDislike>0</QuoteExpPassingDislike>
		<QuoteExpWitnessQueenBugDeath>0</QuoteExpWitnessQueenBugDeath>
		<QuoteExpWitnessDeidrannaDeath>1</QuoteExpWitnessDeidrannaDeath>
	</PROFILE>
	<PROFILE>
		<uiIndex>46</uiIndex>
		<Name>Larry</Name>
		<QuoteExpHeadShotOnly>0</QuoteExpHeadShotOnly>
		<QuoteExpTeamSpecific>1</QuoteExpTeamSpecific>
		<QuoteExpGenderCode>1</QuoteExpGenderCode>
		<QuoteExpGotGunOrUsedGun>61</QuoteExpGotGunOrUsedGun>
		<QuoteExpPassingDislike>0</QuoteExpPassingDislike>
		<QuoteExpWitnessQueenBugDeath>1</QuoteExpWitnessQueenBugDeath>
		<QuoteExpWitnessDeidrannaDeath>0</QuoteExpWitnessDeidrannaDeath>
	</PROFILE>
	<PROFILE>
		<uiIndex>47</uiIndex>
		<Name>Larry</Name>
		<QuoteExpHeadShotOnly>0</QuoteExpHeadShotOnly>
		<QuoteExpTeamSpecific>0</QuoteExpTeamSpecific>
		<QuoteExpGenderCode>2</QuoteExpGenderCode>
		<QuoteExpGotGunOrUsedGun>61</QuoteExpGotGunOrUsedGun>
		<QuoteExpPassingDislike>0</QuoteExpPassingDislike>
		<QuoteExpWitnessQueenBugDeath>0</QuoteExpWitnessQueenBugDeath>
		<QuoteExpWitnessDeidrannaDeath>1</QuoteExpWitnessDeidrannaDeath>
	</PROFILE>
	<PROFILE>
		<uiIndex>48</uiIndex>
		<Name>Cougar</Name>
		<QuoteExpHeadShotOnly>0</QuoteExpHeadShotOnly>
		<QuoteExpTeamSpecific>1</QuoteExpTeamSpecific>
		<QuoteExpGenderCode>2</QuoteExpGenderCode>
		<QuoteExpGotGunOrUsedGun>62</QuoteExpGotGunOrUsedGun>
		<QuoteExpPassingDislike>0</QuoteExpPassingDislike>
		<QuoteExpWitnessQueenBugDeath>1</QuoteExpWitnessQueenBugDeath>
		<QuoteExpWitnessDeidrannaDeath>1</QuoteExpWitnessDeidrannaDeath>
	</PROFILE>
	<PROFILE>
		<uiIndex>49</uiIndex>
		<Name>Numb</Name>
		<QuoteExpHeadShotOnly>1</QuoteExpHeadShotOnly>
		<QuoteExpTeamSpecific>1</QuoteExpTeamSpecific>
		<QuoteExpGenderCode>0</QuoteExpGenderCode>
		<QuoteExpGotGunOrUsedGun>61</QuoteExpGotGunOrUsedGun>
		<QuoteExpPassingDislike>4</QuoteExpPassingDislike>
		<QuoteExpWitnessQueenBugDeath>0</QuoteExpWitnessQueenBugDeath>
		<QuoteExpWitnessDeidrannaDeath>0</QuoteExpWitnessDeidrannaDeath>
	</PROFILE>
	<PROFILE>
		<uiIndex>50</uiIndex>
		<Name>Bubba</Name>
		<QuoteExpHeadShotOnly>1</QuoteExpHeadShotOnly>
		<QuoteExpTeamSpecific>0</QuoteExpTeamSpecific>
		<QuoteExpGenderCode>1</QuoteExpGenderCode>
		<QuoteExpGotGunOrUsedGun>62</QuoteExpGotGunOrUsedGun>
		<QuoteExpPassingDislike>4</QuoteExpPassingDislike>
		<QuoteExpWitnessQueenBugDeath>0</QuoteExpWitnessQueenBugDeath>
		<QuoteExpWitnessDeidrannaDeath>1</QuoteExpWitnessDeidrannaDeath>
	</PROFILE>
	<PROFILE>
		<uiIndex>51</uiIndex>
		<Name>PGmale1</Name>
		<QuoteExpHeadShotOnly>1</QuoteExpHeadShotOnly>
		<QuoteExpTeamSpecific>1</QuoteExpTeamSpecific>
		<QuoteExpGenderCode>0</QuoteExpGenderCode>
		<QuoteExpGotGunOrUsedGun>62</QuoteExpGotGunOrUsedGun>
		<QuoteExpPassingDislike>0</QuoteExpPassingDislike>
		<QuoteExpWitnessQueenBugDeath>0</QuoteExpWitnessQueenBugDeath>
		<QuoteExpWitnessDeidrannaDeath>1</QuoteExpWitnessDeidrannaDeath>
	</PROFILE>
	<PROFILE>
		<uiIndex>52</uiIndex>
		<Name>PGmale2</Name>
		<QuoteExpHeadShotOnly>1</QuoteExpHeadShotOnly>
		<QuoteExpTeamSpecific>1</QuoteExpTeamSpecific>
		<QuoteExpGenderCode>2</QuoteExpGenderCode>
		<QuoteExpGotGunOrUsedGun>62</QuoteExpGotGunOrUsedGun>
		<QuoteExpPassingDislike>0</QuoteExpPassingDislike>
		<QuoteExpWitnessQueenBugDeath>0</QuoteExpWitnessQueenBugDeath>
		<QuoteExpWitnessDeidrannaDeath>1</QuoteExpWitnessDeidrannaDeath>
	</PROFILE>
	<PROFILE>
		<uiIndex>53</uiIndex>
		<Name>PGmale3</Name>
		<QuoteExpHeadShotOnly>1</QuoteExpHeadShotOnly>
		<QuoteExpTeamSpecific>1</QuoteExpTeamSpecific>
		<QuoteExpGenderCode>2</QuoteExpGenderCode>
		<QuoteExpGotGunOrUsedGun>61</QuoteExpGotGunOrUsedGun>
		<QuoteExpPassingDislike>0</QuoteExpPassingDislike>
		<QuoteExpWitnessQueenBugDeath>1</QuoteExpWitnessQueenBugDeath>
		<QuoteExpWitnessDeidrannaDeath>1</QuoteExpWitnessDeidrannaDeath>
	</PROFILE>
	<PROFILE>
		<uiIndex>54</uiIndex>
		<Name>PGLady1</Name>
		<QuoteExpHeadShotOnly>0</QuoteExpHeadShotOnly>
		<QuoteExpTeamSpecific>1</QuoteExpTeamSpecific>
		<QuoteExpGenderCode>0</QuoteExpGenderCode>
		<QuoteExpGotGunOrUsedGun>61</QuoteExpGotGunOrUsedGun>
		<QuoteExpPassingDislike>0</QuoteExpPassingDislike>
		<QuoteExpWitnessQueenBugDeath>1</QuoteExpWitnessQueenBugDeath>
		<QuoteExpWitnessDeidrannaDeath>1</QuoteExpWitnessDeidrannaDeath>
	</PROFILE>
	<PROFILE>
		<uiIndex>55</uiIndex>
		<Name>PGLady2</Name>
		<QuoteExpHeadShotOnly>0</QuoteExpHeadShotOnly>
		<QuoteExpTeamSpecific>1</QuoteExpTeamSpecific>
		<QuoteExpGenderCode>1</QuoteExpGenderCode>
		<QuoteExpGotGunOrUsedGun>61</QuoteExpGotGunOrUsedGun>
		<QuoteExpPassingDislike>0</QuoteExpPassingDislike>
		<QuoteExpWitnessQueenBugDeath>1</QuoteExpWitnessQueenBugDeath>
		<QuoteExpWitnessDeidrannaDeath>0</QuoteExpWitnessDeidrannaDeath>
	</PROFILE>
	<PROFILE>
		<uiIndex>56</uiIndex>
		<Name>PGLady3</Name>
		<QuoteExpHeadShotOnly>0</QuoteExpHeadShotOnly>
		<QuoteExpTeamSpecific>1</QuoteExpTeamSpecific>
		<QuoteExpGenderCode>2</QuoteExpGenderCode>
		<QuoteExpGotGunOrUsedGun>62</QuoteExpGotGunOrUsedGun>
		<QuoteExpPassingDislike>0</QuoteExpPassingDislike>
		<QuoteExpWitnessQueenBugDeath>0</QuoteExpWitnessQueenBugDeath>
		<QuoteExpWitnessDeidrannaDeath>0</QuoteExpWitnessDeidrannaDeath>
	</PROFILE>
	<PROFILE>
		<uiIndex>57</uiIndex>
		<Name>Miguel</Name>
		<QuoteExpHeadShotOnly>0</QuoteExpHeadShotOnly>
		<QuoteExpTeamSpecific>0</QuoteExpTeamSpecific>
		<QuoteExpGenderCode>0</QuoteExpGenderCode>
		<QuoteExpGotGunOrUsedGun>62</QuoteExpGotGunOrUsedGun>
		<QuoteExpPassingDislike>4</QuoteExpPassingDislike>
		<QuoteExpWitnessQueenBugDeath>1</QuoteExpWitnessQueenBugDeath>
		<QuoteExpWitnessDeidrannaDeath>1</QuoteExpWitnessDeidrannaDeath>
	</PROFILE>
	<PROFILE>
		<uiIndex>58</uiIndex>
		<Name>Carlos</Name>
		<QuoteExpHeadShotOnly>0</QuoteExpHeadShotOnly>
		<QuoteExpTeamSpecific>0</QuoteExpTeamSpecific>
		<QuoteExpGenderCode>0</QuoteExpGenderCode>
		<QuoteExpGotGunOrUsedGun>61</QuoteExpGotGunOrUsedGun>
		<QuoteExpPassingDislike>2</QuoteExpPassingDislike>
		<QuoteExpWitnessQueenBugDeath>1</QuoteExpWitnessQueenBugDeath>
		<QuoteExpWitnessDeidrannaDeath>1</QuoteExpWitnessDeidrannaDeath>
	</PROFILE>
	<PROFILE>
		<uiIndex>59</uiIndex>
		<Name>Ira</Name>
		<QuoteExpHeadShotOnly>0</QuoteExpHeadShotOnly>
		<QuoteExpTeamSpecific>0</QuoteExpTeamSpecific>
		<QuoteExpGenderCode>0</QuoteExpGenderCode>
		<QuoteExpGotGunOrUsedGun>62</QuoteExpGotGunOrUsedGun>
		<QuoteExpPassingDislike>4</QuoteExpPassingDislike>
		<QuoteExpWitnessQueenBugDeath>1</QuoteExpWitnessQueenBugDeath>
		<QuoteExpWitnessDeidrannaDeath>1</QuoteExpWitnessDeidrannaDeath>
	</PROFILE>
	<PROFILE>
		<uiIndex>60</uiIndex>
		<Name>Dimitri</Name>
		<QuoteExpHeadShotOnly>0</QuoteExpHeadShotOnly>
		<QuoteExpTeamSpecific>0</QuoteExpTeamSpecific>
		<QuoteExpGenderCode>0</QuoteExpGenderCode>
		<QuoteExpGotGunOrUsedGun>61</QuoteExpGotGunOrUsedGun>
		<QuoteExpPassingDislike>0</QuoteExpPassingDislike>
		<QuoteExpWitnessQueenBugDeath>0</QuoteExpWitnessQueenBugDeath>
		<QuoteExpWitnessDeidrannaDeath>0</QuoteExpWitnessDeidrannaDeath>
	</PROFILE>
	<PROFILE>
		<uiIndex>61</uiIndex>
		<Name>Devin</Name>
		<QuoteExpHeadShotOnly>0</QuoteExpHeadShotOnly>
		<QuoteExpTeamSpecific>0</QuoteExpTeamSpecific>
		<QuoteExpGenderCode>0</QuoteExpGenderCode>
		<QuoteExpGotGunOrUsedGun>0</QuoteExpGotGunOrUsedGun>
		<QuoteExpPassingDislike>0</QuoteExpPassingDislike>
		<QuoteExpWitnessQueenBugDeath>1</QuoteExpWitnessQueenBugDeath>
		<QuoteExpWitnessDeidrannaDeath>0</QuoteExpWitnessDeidrannaDeath>
	</PROFILE>
	<PROFILE>
		<uiIndex>62</uiIndex>
		<Name>Robot</Name>
		<QuoteExpHeadShotOnly>0</QuoteExpHeadShotOnly>
		<QuoteExpTeamSpecific>0</QuoteExpTeamSpecific>
		<QuoteExpGenderCode>0</QuoteExpGenderCode>
		<QuoteExpGotGunOrUsedGun>0</QuoteExpGotGunOrUsedGun>
		<QuoteExpPassingDislike>0</QuoteExpPassingDislike>
		<QuoteExpWitnessQueenBugDeath>0</QuoteExpWitnessQueenBugDeath>
		<QuoteExpWitnessDeidrannaDeath>0</QuoteExpWitnessDeidrannaDeath>
	</PROFILE>
	<PROFILE>
		<uiIndex>63</uiIndex>
		<Name>Hamous</Name>
		<QuoteExpHeadShotOnly>0</QuoteExpHeadShotOnly>
		<QuoteExpTeamSpecific>0</QuoteExpTeamSpecific>
		<QuoteExpGenderCode>0</QuoteExpGenderCode>
		<QuoteExpGotGunOrUsedGun>0</QuoteExpGotGunOrUsedGun>
		<QuoteExpPassingDislike>0</QuoteExpPassingDislike>
		<QuoteExpWitnessQueenBugDeath>0</QuoteExpWitnessQueenBugDeath>
		<QuoteExpWitnessDeidrannaDeath>0</QuoteExpWitnessDeidrannaDeath>
	</PROFILE>
	<PROFILE>
		<uiIndex>64</uiIndex>
		<Name>Terry</Name>
		<QuoteExpHeadShotOnly>0</QuoteExpHeadShotOnly>
		<QuoteExpTeamSpecific>0</QuoteExpTeamSpecific>
		<QuoteExpGenderCode>0</QuoteExpGenderCode>
		<QuoteExpGotGunOrUsedGun>0</QuoteExpGotGunOrUsedGun>
		<QuoteExpPassingDislike>0</QuoteExpPassingDislike>
		<QuoteExpWitnessQueenBugDeath>1</QuoteExpWitnessQueenBugDeath>
		<QuoteExpWitnessDeidrannaDeath>0</QuoteExpWitnessDeidrannaDeath>
	</PROFILE>
	<PROFILE>
		<uiIndex>65</uiIndex>
		<Name>RPC65</Name>
		<QuoteExpHeadShotOnly>0</QuoteExpHeadShotOnly>
		<QuoteExpTeamSpecific>0</QuoteExpTeamSpecific>
		<QuoteExpGenderCode>0</QuoteExpGenderCode>
		<QuoteExpGotGunOrUsedGun>0</QuoteExpGotGunOrUsedGun>
		<QuoteExpPassingDislike>0</QuoteExpPassingDislike>
		<QuoteExpWitnessQueenBugDeath>0</QuoteExpWitnessQueenBugDeath>
		<QuoteExpWitnessDeidrannaDeath>0</QuoteExpWitnessDeidrannaDeath>
	</PROFILE>
	<PROFILE>
		<uiIndex>66</uiIndex>
		<Name>Dynamo</Name>
		<QuoteExpHeadShotOnly>0</QuoteExpHeadShotOnly>
		<QuoteExpTeamSpecific>0</QuoteExpTeamSpecific>
		<QuoteExpGenderCode>0</QuoteExpGenderCode>
		<QuoteExpGotGunOrUsedGun>62</QuoteExpGotGunOrUsedGun>
		<QuoteExpPassingDislike>4</QuoteExpPassingDislike>
		<QuoteExpWitnessQueenBugDeath>0</QuoteExpWitnessQueenBugDeath>
		<QuoteExpWitnessDeidrannaDeath>0</QuoteExpWitnessDeidrannaDeath>
	</PROFILE>
	<PROFILE>
		<uiIndex>67</uiIndex>
		<Name>Shank</Name>
		<QuoteExpHeadShotOnly>0</QuoteExpHeadShotOnly>
		<QuoteExpTeamSpecific>0</QuoteExpTeamSpecific>
		<QuoteExpGenderCode>0</QuoteExpGenderCode>
		<QuoteExpGotGunOrUsedGun>61</QuoteExpGotGunOrUsedGun>
		<QuoteExpPassingDislike>0</QuoteExpPassingDislike>
		<QuoteExpWitnessQueenBugDeath>0</QuoteExpWitnessQueenBugDeath>
		<QuoteExpWitnessDeidrannaDeath>0</QuoteExpWitnessDeidrannaDeath>
	</PROFILE>
	<PROFILE>
		<uiIndex>68</uiIndex>
		<Name>Iggy</Name>
		<QuoteExpHeadShotOnly>0</QuoteExpHeadShotOnly>
		<QuoteExpTeamSpecific>0</QuoteExpTeamSpecific>
		<QuoteExpGenderCode>0</QuoteExpGenderCode>
		<QuoteExpGotGunOrUsedGun>0</QuoteExpGotGunOrUsedGun>
		<QuoteExpPassingDislike>0</QuoteExpPassingDislike>
		<QuoteExpWitnessQueenBugDeath>0</QuoteExpWitnessQueenBugDeath>
		<QuoteExpWitnessDeidrannaDeath>0</QuoteExpWitnessDeidrannaDeath>
	</PROFILE>
	<PROFILE>
		<uiIndex>69</uiIndex>
		<Name>Vince</Name>
		<QuoteExpHeadShotOnly>0</QuoteExpHeadShotOnly>
		<QuoteExpTeamSpecific>0</QuoteExpTeamSpecific>
		<QuoteExpGenderCode>0</QuoteExpGenderCode>
		<QuoteExpGotGunOrUsedGun>0</QuoteExpGotGunOrUsedGun>
		<QuoteExpPassingDislike>0</QuoteExpPassingDislike>
		<QuoteExpWitnessQueenBugDeath>1</QuoteExpWitnessQueenBugDeath>
		<QuoteExpWitnessDeidrannaDeath>1</QuoteExpWitnessDeidrannaDeath>
	</PROFILE>
	<PROFILE>
		<uiIndex>70</uiIndex>
		<Name>Conrad</Name>
		<QuoteExpHeadShotOnly>0</QuoteExpHeadShotOnly>
		<QuoteExpTeamSpecific>0</QuoteExpTeamSpecific>
		<QuoteExpGenderCode>0</QuoteExpGenderCode>
		<QuoteExpGotGunOrUsedGun>0</QuoteExpGotGunOrUsedGun>
		<QuoteExpPassingDislike>0</QuoteExpPassingDislike>
		<QuoteExpWitnessQueenBugDeath>1</QuoteExpWitnessQueenBugDeath>
		<QuoteExpWitnessDeidrannaDeath>1</QuoteExpWitnessDeidrannaDeath>
	</PROFILE>
	<PROFILE>
		<uiIndex>71</uiIndex>
		<Name>RPC71</Name>
		<QuoteExpHeadShotOnly>0</QuoteExpHeadShotOnly>
		<QuoteExpTeamSpecific>0</QuoteExpTeamSpecific>
		<QuoteExpGenderCode>0</QuoteExpGenderCode>
		<QuoteExpGotGunOrUsedGun>0</QuoteExpGotGunOrUsedGun>
		<QuoteExpPassingDislike>0</QuoteExpPassingDislike>
		<QuoteExpWitnessQueenBugDeath>0</QuoteExpWitnessQueenBugDeath>
		<QuoteExpWitnessDeidrannaDeath>0</QuoteExpWitnessDeidrannaDeath>
	</PROFILE>
	<PROFILE>
		<uiIndex>72</uiIndex>
		<Name>Maddog</Name>
		<QuoteExpHeadShotOnly>0</QuoteExpHeadShotOnly>
		<QuoteExpTeamSpecific>0</QuoteExpTeamSpecific>
		<QuoteExpGenderCode>0</QuoteExpGenderCode>
		<QuoteExpGotGunOrUsedGun>0</QuoteExpGotGunOrUsedGun>
		<QuoteExpPassingDislike>0</QuoteExpPassingDislike>
		<QuoteExpWitnessQueenBugDeath>1</QuoteExpWitnessQueenBugDeath>
		<QuoteExpWitnessDeidrannaDeath>0</QuoteExpWitnessDeidrannaDeath>
	</PROFILE>
	<PROFILE>
		<uiIndex>73</uiIndex>
		<Name>Darrel</Name>
		<QuoteExpHeadShotOnly>0</QuoteExpHeadShotOnly>
		<QuoteExpTeamSpecific>0</QuoteExpTeamSpecific>
		<QuoteExpGenderCode>0</QuoteExpGenderCode>
		<QuoteExpGotGunOrUsedGun>0</QuoteExpGotGunOrUsedGun>
		<QuoteExpPassingDislike>0</QuoteExpPassingDislike>
		<QuoteExpWitnessQueenBugDeath>0</QuoteExpWitnessQueenBugDeath>
		<QuoteExpWitnessDeidrannaDeath>0</QuoteExpWitnessDeidrannaDeath>
	</PROFILE>
	<PROFILE>
		<uiIndex>74</uiIndex>
		<Name>Perko</Name>
		<QuoteExpHeadShotOnly>0</QuoteExpHeadShotOnly>
		<QuoteExpTeamSpecific>0</QuoteExpTeamSpecific>
		<QuoteExpGenderCode>0</QuoteExpGenderCode>
		<QuoteExpGotGunOrUsedGun>0</QuoteExpGotGunOrUsedGun>
		<QuoteExpPassingDislike>0</QuoteExpPassingDislike>
		<QuoteExpWitnessQueenBugDeath>0</QuoteExpWitnessQueenBugDeath>
		<QuoteExpWitnessDeidrannaDeath>0</QuoteExpWitnessDeidrannaDeath>
	</PROFILE>
	<PROFILE>
		<uiIndex>75</uiIndex>
		<Name>Deidranna</Name>
		<QuoteExpHeadShotOnly>0</QuoteExpHeadShotOnly>
		<QuoteExpTeamSpecific>0</QuoteExpTeamSpecific>
		<QuoteExpGenderCode>0</QuoteExpGenderCode>
		<QuoteExpGotGunOrUsedGun>0</QuoteExpGotGunOrUsedGun>
		<QuoteExpPassingDislike>0</QuoteExpPassingDislike>
		<QuoteExpWitnessQueenBugDeath>0</QuoteExpWitnessQueenBugDeath>
		<QuoteExpWitnessDeidrannaDeath>0</QuoteExpWitnessDeidrannaDeath>
	</PROFILE>
	<PROFILE>
		<uiIndex>76</uiIndex>
		<Name>Auntie</Name>
		<QuoteExpHeadShotOnly>0</QuoteExpHeadShotOnly>
		<QuoteExpTeamSpecific>0</QuoteExpTeamSpecific>
		<QuoteExpGenderCode>0</QuoteExpGenderCode>
		<QuoteExpGotGunOrUsedGun>0</QuoteExpGotGunOrUsedGun>
		<QuoteExpPassingDislike>0</QuoteExpPassingDislike>
		<QuoteExpWitnessQueenBugDeath>0</QuoteExpWitnessQueenBugDeath>
		<QuoteExpWitnessDeidrannaDeath>0</QuoteExpWitnessDeidrannaDeath>
	</PROFILE>
	<PROFILE>
		<uiIndex>77</uiIndex>
		<Name>Enrico</Name>
		<QuoteExpHeadShotOnly>0</QuoteExpHeadShotOnly>
		<QuoteExpTeamSpecific>0</QuoteExpTeamSpecific>
		<QuoteExpGenderCode>0</QuoteExpGenderCode>
		<QuoteExpGotGunOrUsedGun>0</QuoteExpGotGunOrUsedGun>
		<QuoteExpPassingDislike>0</QuoteExpPassingDislike>
		<QuoteExpWitnessQueenBugDeath>0</QuoteExpWitnessQueenBugDeath>
		<QuoteExpWitnessDeidrannaDeath>0</QuoteExpWitnessDeidrannaDeath>
	</PROFILE>
	<PROFILE>
		<uiIndex>78</uiIndex>
		<Name>Carmen</Name>
		<QuoteExpHeadShotOnly>0</QuoteExpHeadShotOnly>
		<QuoteExpTeamSpecific>0</QuoteExpTeamSpecific>
		<QuoteExpGenderCode>0</QuoteExpGenderCode>
		<QuoteExpGotGunOrUsedGun>0</QuoteExpGotGunOrUsedGun>
		<QuoteExpPassingDislike>0</QuoteExpPassingDislike>
		<QuoteExpWitnessQueenBugDeath>0</QuoteExpWitnessQueenBugDeath>
		<QuoteExpWitnessDeidrannaDeath>0</QuoteExpWitnessDeidrannaDeath>
	</PROFILE>
	<PROFILE>
		<uiIndex>79</uiIndex>
		<Name>Joe</Name>
		<QuoteExpHeadShotOnly>0</QuoteExpHeadShotOnly>
		<QuoteExpTeamSpecific>0</QuoteExpTeamSpecific>
		<QuoteExpGenderCode>0</QuoteExpGenderCode>
		<QuoteExpGotGunOrUsedGun>0</QuoteExpGotGunOrUsedGun>
		<QuoteExpPassingDislike>0</QuoteExpPassingDislike>
		<QuoteExpWitnessQueenBugDeath>0</QuoteExpWitnessQueenBugDeath>
		<QuoteExpWitnessDeidrannaDeath>0</QuoteExpWitnessDeidrannaDeath>
	</PROFILE>
	<PROFILE>
		<uiIndex>80</uiIndex>
		<Name>Steve</Name>
		<QuoteExpHeadShotOnly>0</QuoteExpHeadShotOnly>
		<QuoteExpTeamSpecific>0</QuoteExpTeamSpecific>
		<QuoteExpGenderCode>0</QuoteExpGenderCode>
		<QuoteExpGotGunOrUsedGun>0</QuoteExpGotGunOrUsedGun>
		<QuoteExpPassingDislike>0</QuoteExpPassingDislike>
		<QuoteExpWitnessQueenBugDeath>0</QuoteExpWitnessQueenBugDeath>
		<QuoteExpWitnessDeidrannaDeath>0</QuoteExpWitnessDeidrannaDeath>
	</PROFILE>
	<PROFILE>
		<uiIndex>81</uiIndex>
		<Name>Rat</Name>
		<QuoteExpHeadShotOnly>0</QuoteExpHeadShotOnly>
		<QuoteExpTeamSpecific>0</QuoteExpTeamSpecific>
		<QuoteExpGenderCode>0</QuoteExpGenderCode>
		<QuoteExpGotGunOrUsedGun>0</QuoteExpGotGunOrUsedGun>
		<QuoteExpPassingDislike>0</QuoteExpPassingDislike>
		<QuoteExpWitnessQueenBugDeath>0</QuoteExpWitnessQueenBugDeath>
		<QuoteExpWitnessDeidrannaDeath>0</QuoteExpWitnessDeidrannaDeath>
	</PROFILE>
	<PROFILE>
		<uiIndex>82</uiIndex>
		<Name>Annie</Name>
		<QuoteExpHeadShotOnly>0</QuoteExpHeadShotOnly>
		<QuoteExpTeamSpecific>0</QuoteExpTeamSpecific>
		<QuoteExpGenderCode>0</QuoteExpGenderCode>
		<QuoteExpGotGunOrUsedGun>0</QuoteExpGotGunOrUsedGun>
		<QuoteExpPassingDislike>0</QuoteExpPassingDislike>
		<QuoteExpWitnessQueenBugDeath>0</QuoteExpWitnessQueenBugDeath>
		<QuoteExpWitnessDeidrannaDeath>0</QuoteExpWitnessDeidrannaDeath>
	</PROFILE>
	<PROFILE>
		<uiIndex>83</uiIndex>
		<Name>Chris</Name>
		<QuoteExpHeadShotOnly>0</QuoteExpHeadShotOnly>
		<QuoteExpTeamSpecific>0</QuoteExpTeamSpecific>
		<QuoteExpGenderCode>0</QuoteExpGenderCode>
		<QuoteExpGotGunOrUsedGun>0</QuoteExpGotGunOrUsedGun>
		<QuoteExpPassingDislike>0</QuoteExpPassingDislike>
		<QuoteExpWitnessQueenBugDeath>0</QuoteExpWitnessQueenBugDeath>
		<QuoteExpWitnessDeidrannaDeath>0</QuoteExpWitnessDeidrannaDeath>
	</PROFILE>
	<PROFILE>
		<uiIndex>84</uiIndex>
		<Name>Bob</Name>
		<QuoteExpHeadShotOnly>0</QuoteExpHeadShotOnly>
		<QuoteExpTeamSpecific>0</QuoteExpTeamSpecific>
		<QuoteExpGenderCode>0</QuoteExpGenderCode>
		<QuoteExpGotGunOrUsedGun>0</QuoteExpGotGunOrUsedGun>
		<QuoteExpPassingDislike>0</QuoteExpPassingDislike>
		<QuoteExpWitnessQueenBugDeath>0</QuoteExpWitnessQueenBugDeath>
		<QuoteExpWitnessDeidrannaDeath>0</QuoteExpWitnessDeidrannaDeath>
	</PROFILE>
	<PROFILE>
		<uiIndex>85</uiIndex>
		<Name>Brenda</Name>
		<QuoteExpHeadShotOnly>0</QuoteExpHeadShotOnly>
		<QuoteExpTeamSpecific>0</QuoteExpTeamSpecific>
		<QuoteExpGenderCode>0</QuoteExpGenderCode>
		<QuoteExpGotGunOrUsedGun>0</QuoteExpGotGunOrUsedGun>
		<QuoteExpPassingDislike>0</QuoteExpPassingDislike>
		<QuoteExpWitnessQueenBugDeath>0</QuoteExpWitnessQueenBugDeath>
		<QuoteExpWitnessDeidrannaDeath>0</QuoteExpWitnessDeidrannaDeath>
	</PROFILE>
	<PROFILE>
		<uiIndex>86</uiIndex>
		<Name>Kingpin</Name>
		<QuoteExpHeadShotOnly>0</QuoteExpHeadShotOnly>
		<QuoteExpTeamSpecific>0</QuoteExpTeamSpecific>
		<QuoteExpGenderCode>0</QuoteExpGenderCode>
		<QuoteExpGotGunOrUsedGun>0</QuoteExpGotGunOrUsedGun>
		<QuoteExpPassingDislike>0</QuoteExpPassingDislike>
		<QuoteExpWitnessQueenBugDeath>0</QuoteExpWitnessQueenBugDeath>
		<QuoteExpWitnessDeidrannaDeath>0</QuoteExpWitnessDeidrannaDeath>
	</PROFILE>
	<PROFILE>
		<uiIndex>87</uiIndex>
		<Name>Darren</Name>
		<QuoteExpHeadShotOnly>0</QuoteExpHeadShotOnly>
		<QuoteExpTeamSpecific>0</QuoteExpTeamSpecific>
		<QuoteExpGenderCode>0</QuoteExpGenderCode>
		<QuoteExpGotGunOrUsedGun>0</QuoteExpGotGunOrUsedGun>
		<QuoteExpPassingDislike>0</QuoteExpPassingDislike>
		<QuoteExpWitnessQueenBugDeath>0</QuoteExpWitnessQueenBugDeath>
		<QuoteExpWitnessDeidrannaDeath>0</QuoteExpWitnessDeidrannaDeath>
	</PROFILE>
	<PROFILE>
		<uiIndex>88</uiIndex>
		<Name>Maria</Name>
		<QuoteExpHeadShotOnly>0</QuoteExpHeadShotOnly>
		<QuoteExpTeamSpecific>0</QuoteExpTeamSpecific>
		<QuoteExpGenderCode>0</QuoteExpGenderCode>
		<QuoteExpGotGunOrUsedGun>0</QuoteExpGotGunOrUsedGun>
		<QuoteExpPassingDislike>0</QuoteExpPassingDislike>
		<QuoteExpWitnessQueenBugDeath>0</QuoteExpWitnessQueenBugDeath>
		<QuoteExpWitnessDeidrannaDeath>0</QuoteExpWitnessDeidrannaDeath>
	</PROFILE>
	<PROFILE>
		<uiIndex>89</uiIndex>
		<Name>Angel</Name>
		<QuoteExpHeadShotOnly>0</QuoteExpHeadShotOnly>
		<QuoteExpTeamSpecific>0</QuoteExpTeamSpecific>
		<QuoteExpGenderCode>0</QuoteExpGenderCode>
		<QuoteExpGotGunOrUsedGun>0</QuoteExpGotGunOrUsedGun>
		<QuoteExpPassingDislike>0</QuoteExpPassingDislike>
		<QuoteExpWitnessQueenBugDeath>0</QuoteExpWitnessQueenBugDeath>
		<QuoteExpWitnessDeidrannaDeath>0</QuoteExpWitnessDeidrannaDeath>
	</PROFILE>
	<PROFILE>
		<uiIndex>90</uiIndex>
		<Name>Joey</Name>
		<QuoteExpHeadShotOnly>0</QuoteExpHeadShotOnly>
		<QuoteExpTeamSpecific>0</QuoteExpTeamSpecific>
		<QuoteExpGenderCode>0</QuoteExpGenderCode>
		<QuoteExpGotGunOrUsedGun>0</QuoteExpGotGunOrUsedGun>
		<QuoteExpPassingDislike>0</QuoteExpPassingDislike>
		<QuoteExpWitnessQueenBugDeath>0</QuoteExpWitnessQueenBugDeath>
		<QuoteExpWitnessDeidrannaDeath>0</QuoteExpWitnessDeidrannaDeath>
	</PROFILE>
	<PROFILE>
		<uiIndex>91</uiIndex>
		<Name>Tony</Name>
		<QuoteExpHeadShotOnly>0</QuoteExpHeadShotOnly>
		<QuoteExpTeamSpecific>0</QuoteExpTeamSpecific>
		<QuoteExpGenderCode>0</QuoteExpGenderCode>
		<QuoteExpGotGunOrUsedGun>0</QuoteExpGotGunOrUsedGun>
		<QuoteExpPassingDislike>0</QuoteExpPassingDislike>
		<QuoteExpWitnessQueenBugDeath>0</QuoteExpWitnessQueenBugDeath>
		<QuoteExpWitnessDeidrannaDeath>0</QuoteExpWitnessDeidrannaDeath>
	</PROFILE>
	<PROFILE>
		<uiIndex>92</uiIndex>
		<Name>Frank</Name>
		<QuoteExpHeadShotOnly>0</QuoteExpHeadShotOnly>
		<QuoteExpTeamSpecific>0</QuoteExpTeamSpecific>
		<QuoteExpGenderCode>0</QuoteExpGenderCode>
		<QuoteExpGotGunOrUsedGun>0</QuoteExpGotGunOrUsedGun>
		<QuoteExpPassingDislike>0</QuoteExpPassingDislike>
		<QuoteExpWitnessQueenBugDeath>0</QuoteExpWitnessQueenBugDeath>
		<QuoteExpWitnessDeidrannaDeath>0</QuoteExpWitnessDeidrannaDeath>
	</PROFILE>
	<PROFILE>
		<uiIndex>93</uiIndex>
		<Name>Spike</Name>
		<QuoteExpHeadShotOnly>0</QuoteExpHeadShotOnly>
		<QuoteExpTeamSpecific>0</QuoteExpTeamSpecific>
		<QuoteExpGenderCode>0</QuoteExpGenderCode>
		<QuoteExpGotGunOrUsedGun>0</QuoteExpGotGunOrUsedGun>
		<QuoteExpPassingDislike>0</QuoteExpPassingDislike>
		<QuoteExpWitnessQueenBugDeath>0</QuoteExpWitnessQueenBugDeath>
		<QuoteExpWitnessDeidrannaDeath>0</QuoteExpWitnessDeidrannaDeath>
	</PROFILE>
	<PROFILE>
		<uiIndex>94</uiIndex>
		<Name>Damon</Name>
		<QuoteExpHeadShotOnly>0</QuoteExpHeadShotOnly>
		<QuoteExpTeamSpecific>0</QuoteExpTeamSpecific>
		<QuoteExpGenderCode>0</QuoteExpGenderCode>
		<QuoteExpGotGunOrUsedGun>0</QuoteExpGotGunOrUsedGun>
		<QuoteExpPassingDislike>0</QuoteExpPassingDislike>
		<QuoteExpWitnessQueenBugDeath>0</QuoteExpWitnessQueenBugDeath>
		<QuoteExpWitnessDeidrannaDeath>0</QuoteExpWitnessDeidrannaDeath>
	</PROFILE>
	<PROFILE>
		<uiIndex>95</uiIndex>
		<Name>Kyle</Name>
		<QuoteExpHeadShotOnly>0</QuoteExpHeadShotOnly>
		<QuoteExpTeamSpecific>0</QuoteExpTeamSpecific>
		<QuoteExpGenderCode>0</QuoteExpGenderCode>
		<QuoteExpGotGunOrUsedGun>0</QuoteExpGotGunOrUsedGun>
		<QuoteExpPassingDislike>0</QuoteExpPassingDislike>
		<QuoteExpWitnessQueenBugDeath>0</QuoteExpWitnessQueenBugDeath>
		<QuoteExpWitnessDeidrannaDeath>0</QuoteExpWitnessDeidrannaDeath>
	</PROFILE>
	<PROFILE>
		<uiIndex>96</uiIndex>
		<Name>Micky</Name>
		<QuoteExpHeadShotOnly>0</QuoteExpHeadShotOnly>
		<QuoteExpTeamSpecific>0</QuoteExpTeamSpecific>
		<QuoteExpGenderCode>0</QuoteExpGenderCode>
		<QuoteExpGotGunOrUsedGun>0</QuoteExpGotGunOrUsedGun>
		<QuoteExpPassingDislike>0</QuoteExpPassingDislike>
		<QuoteExpWitnessQueenBugDeath>0</QuoteExpWitnessQueenBugDeath>
		<QuoteExpWitnessDeidrannaDeath>0</QuoteExpWitnessDeidrannaDeath>
	</PROFILE>
	<PROFILE>
		<uiIndex>97</uiIndex>
		<Name>Skyrider</Name>
		<QuoteExpHeadShotOnly>0</QuoteExpHeadShotOnly>
		<QuoteExpTeamSpecific>0</QuoteExpTeamSpecific>
		<QuoteExpGenderCode>0</QuoteExpGenderCode>
		<QuoteExpGotGunOrUsedGun>0</QuoteExpGotGunOrUsedGun>
		<QuoteExpPassingDislike>0</QuoteExpPassingDislike>
		<QuoteExpWitnessQueenBugDeath>0</QuoteExpWitnessQueenBugDeath>
		<QuoteExpWitnessDeidrannaDeath>0</QuoteExpWitnessDeidrannaDeath>
	</PROFILE>
	<PROFILE>
		<uiIndex>98</uiIndex>
		<Name>Pablo</Name>
		<QuoteExpHeadShotOnly>0</QuoteExpHeadShotOnly>
		<QuoteExpTeamSpecific>0</QuoteExpTeamSpecific>
		<QuoteExpGenderCode>0</QuoteExpGenderCode>
		<QuoteExpGotGunOrUsedGun>0</QuoteExpGotGunOrUsedGun>
		<QuoteExpPassingDislike>0</QuoteExpPassingDislike>
		<QuoteExpWitnessQueenBugDeath>0</QuoteExpWitnessQueenBugDeath>
		<QuoteExpWitnessDeidrannaDeath>0</QuoteExpWitnessDeidrannaDeath>
	</PROFILE>
	<PROFILE>
		<uiIndex>99</uiIndex>
		<Name>Sal</Name>
		<QuoteExpHeadShotOnly>0</QuoteExpHeadShotOnly>
		<QuoteExpTeamSpecific>0</QuoteExpTeamSpecific>
		<QuoteExpGenderCode>0</QuoteExpGenderCode>
		<QuoteExpGotGunOrUsedGun>0</QuoteExpGotGunOrUsedGun>
		<QuoteExpPassingDislike>0</QuoteExpPassingDislike>
		<QuoteExpWitnessQueenBugDeath>0</QuoteExpWitnessQueenBugDeath>
		<QuoteExpWitnessDeidrannaDeath>0</QuoteExpWitnessDeidrannaDeath>
	</PROFILE>
	<PROFILE>
		<uiIndex>100</uiIndex>
		<Name>Father</Name>
		<QuoteExpHeadShotOnly>0</QuoteExpHeadShotOnly>
		<QuoteExpTeamSpecific>0</QuoteExpTeamSpecific>
		<QuoteExpGenderCode>0</QuoteExpGenderCode>
		<QuoteExpGotGunOrUsedGun>0</QuoteExpGotGunOrUsedGun>
		<QuoteExpPassingDislike>0</QuoteExpPassingDislike>
		<QuoteExpWitnessQueenBugDeath>0</QuoteExpWitnessQueenBugDeath>
		<QuoteExpWitnessDeidrannaDeath>0</QuoteExpWitnessDeidrannaDeath>
	</PROFILE>
	<PROFILE>
		<uiIndex>101</uiIndex>
		<Name>Fatima</Name>
		<QuoteExpHeadShotOnly>0</QuoteExpHeadShotOnly>
		<QuoteExpTeamSpecific>0</QuoteExpTeamSpecific>
		<QuoteExpGenderCode>0</QuoteExpGenderCode>
		<QuoteExpGotGunOrUsedGun>0</QuoteExpGotGunOrUsedGun>
		<QuoteExpPassingDislike>0</QuoteExpPassingDislike>
		<QuoteExpWitnessQueenBugDeath>0</QuoteExpWitnessQueenBugDeath>
		<QuoteExpWitnessDeidrannaDeath>0</QuoteExpWitnessDeidrannaDeath>
	</PROFILE>
	<PROFILE>
		<uiIndex>102</uiIndex>
		<Name>Warden</Name>
		<QuoteExpHeadShotOnly>0</QuoteExpHeadShotOnly>
		<QuoteExpTeamSpecific>0</QuoteExpTeamSpecific>
		<QuoteExpGenderCode>0</QuoteExpGenderCode>
		<QuoteExpGotGunOrUsedGun>0</QuoteExpGotGunOrUsedGun>
		<QuoteExpPassingDislike>0</QuoteExpPassingDislike>
		<QuoteExpWitnessQueenBugDeath>0</QuoteExpWitnessQueenBugDeath>
		<QuoteExpWitnessDeidrannaDeath>0</QuoteExpWitnessDeidrannaDeath>
	</PROFILE>
	<PROFILE>
		<uiIndex>103</uiIndex>
		<Name>Gordon</Name>
		<QuoteExpHeadShotOnly>0</QuoteExpHeadShotOnly>
		<QuoteExpTeamSpecific>0</QuoteExpTeamSpecific>
		<QuoteExpGenderCode>0</QuoteExpGenderCode>
		<QuoteExpGotGunOrUsedGun>0</QuoteExpGotGunOrUsedGun>
		<QuoteExpPassingDislike>0</QuoteExpPassingDislike>
		<QuoteExpWitnessQueenBugDeath>0</QuoteExpWitnessQueenBugDeath>
		<QuoteExpWitnessDeidrannaDeath>0</QuoteExpWitnessDeidrannaDeath>
	</PROFILE>
	<PROFILE>
		<uiIndex>104</uiIndex>
		<Name>Gabby</Name>
		<QuoteExpHeadShotOnly>0</QuoteExpHeadShotOnly>
		<QuoteExpTeamSpecific>0</QuoteExpTeamSpecific>
		<QuoteExpGenderCode>0</QuoteExpGenderCode>
		<QuoteExpGotGunOrUsedGun>0</QuoteExpGotGunOrUsedGun>
		<QuoteExpPassingDislike>0</QuoteExpPassingDislike>
		<QuoteExpWitnessQueenBugDeath>0</QuoteExpWitnessQueenBugDeath>
		<QuoteExpWitnessDeidrannaDeath>0</QuoteExpWitnessDeidrannaDeath>
	</PROFILE>
	<PROFILE>
		<uiIndex>105</uiIndex>
		<Name>Ernest</Name>
		<QuoteExpHeadShotOnly>0</QuoteExpHeadShotOnly>
		<QuoteExpTeamSpecific>0</QuoteExpTeamSpecific>
		<QuoteExpGenderCode>0</QuoteExpGenderCode>
		<QuoteExpGotGunOrUsedGun>0</QuoteExpGotGunOrUsedGun>
		<QuoteExpPassingDislike>0</QuoteExpPassingDislike>
		<QuoteExpWitnessQueenBugDeath>0</QuoteExpWitnessQueenBugDeath>
		<QuoteExpWitnessDeidrannaDeath>0</QuoteExpWitnessDeidrannaDeath>
	</PROFILE>
	<PROFILE>
		<uiIndex>106</uiIndex>
		<Name>Fred</Name>
		<QuoteExpHeadShotOnly>0</QuoteExpHeadShotOnly>
		<QuoteExpTeamSpecific>0</QuoteExpTeamSpecific>
		<QuoteExpGenderCode>0</QuoteExpGenderCode>
		<QuoteExpGotGunOrUsedGun>0</QuoteExpGotGunOrUsedGun>
		<QuoteExpPassingDislike>0</QuoteExpPassingDislike>
		<QuoteExpWitnessQueenBugDeath>0</QuoteExpWitnessQueenBugDeath>
		<QuoteExpWitnessDeidrannaDeath>0</QuoteExpWitnessDeidrannaDeath>
	</PROFILE>
	<PROFILE>
		<uiIndex>107</uiIndex>
		<Name>Madame</Name>
		<QuoteExpHeadShotOnly>0</QuoteExpHeadShotOnly>
		<QuoteExpTeamSpecific>0</QuoteExpTeamSpecific>
		<QuoteExpGenderCode>0</QuoteExpGenderCode>
		<QuoteExpGotGunOrUsedGun>0</QuoteExpGotGunOrUsedGun>
		<QuoteExpPassingDislike>0</QuoteExpPassingDislike>
		<QuoteExpWitnessQueenBugDeath>0</QuoteExpWitnessQueenBugDeath>
		<QuoteExpWitnessDeidrannaDeath>0</QuoteExpWitnessDeidrannaDeath>
	</PROFILE>
	<PROFILE>
		<uiIndex>108</uiIndex>
		<Name>Yanni</Name>
		<QuoteExpHeadShotOnly>0</QuoteExpHeadShotOnly>
		<QuoteExpTeamSpecific>0</QuoteExpTeamSpecific>
		<QuoteExpGenderCode>0</QuoteExpGenderCode>
		<QuoteExpGotGunOrUsedGun>0</QuoteExpGotGunOrUsedGun>
		<QuoteExpPassingDislike>0</QuoteExpPassingDislike>
		<QuoteExpWitnessQueenBugDeath>0</QuoteExpWitnessQueenBugDeath>
		<QuoteExpWitnessDeidrannaDeath>0</QuoteExpWitnessDeidrannaDeath>
	</PROFILE>
	<PROFILE>
		<uiIndex>109</uiIndex>
		<Name>Martha</Name>
		<QuoteExpHeadShotOnly>0</QuoteExpHeadShotOnly>
		<QuoteExpTeamSpecific>0</QuoteExpTeamSpecific>
		<QuoteExpGenderCode>0</QuoteExpGenderCode>
		<QuoteExpGotGunOrUsedGun>0</QuoteExpGotGunOrUsedGun>
		<QuoteExpPassingDislike>0</QuoteExpPassingDislike>
		<QuoteExpWitnessQueenBugDeath>0</QuoteExpWitnessQueenBugDeath>
		<QuoteExpWitnessDeidrannaDeath>0</QuoteExpWitnessDeidrannaDeath>
	</PROFILE>
	<PROFILE>
		<uiIndex>110</uiIndex>
		<Name>Joe</Name>
		<QuoteExpHeadShotOnly>0</QuoteExpHeadShotOnly>
		<QuoteExpTeamSpecific>0</QuoteExpTeamSpecific>
		<QuoteExpGenderCode>0</QuoteExpGenderCode>
		<QuoteExpGotGunOrUsedGun>0</QuoteExpGotGunOrUsedGun>
		<QuoteExpPassingDislike>0</QuoteExpPassingDislike>
		<QuoteExpWitnessQueenBugDeath>0</QuoteExpWitnessQueenBugDeath>
		<QuoteExpWitnessDeidrannaDeath>0</QuoteExpWitnessDeidrannaDeath>
	</PROFILE>
	<PROFILE>
		<uiIndex>111</uiIndex>
		<Name>Jasmin</Name>
		<QuoteExpHeadShotOnly>0</QuoteExpHeadShotOnly>
		<QuoteExpTeamSpecific>0</QuoteExpTeamSpecific>
		<QuoteExpGenderCode>0</QuoteExpGenderCode>
		<QuoteExpGotGunOrUsedGun>0</QuoteExpGotGunOrUsedGun>
		<QuoteExpPassingDislike>0</QuoteExpPassingDislike>
		<QuoteExpWitnessQueenBugDeath>0</QuoteExpWitnessQueenBugDeath>
		<QuoteExpWitnessDeidrannaDeath>0</QuoteExpWitnessDeidrannaDeath>
	</PROFILE>
	<PROFILE>
		<uiIndex>112</uiIndex>
		<Name>Charlie</Name>
		<QuoteExpHeadShotOnly>0</QuoteExpHeadShotOnly>
		<QuoteExpTeamSpecific>0</QuoteExpTeamSpecific>
		<QuoteExpGenderCode>0</QuoteExpGenderCode>
		<QuoteExpGotGunOrUsedGun>0</QuoteExpGotGunOrUsedGun>
		<QuoteExpPassingDislike>0</QuoteExpPassingDislike>
		<QuoteExpWitnessQueenBugDeath>0</QuoteExpWitnessQueenBugDeath>
		<QuoteExpWitnessDeidrannaDeath>0</QuoteExpWitnessDeidrannaDeath>
	</PROFILE>
	<PROFILE>
		<uiIndex>113</uiIndex>
		<Name>Jake</Name>
		<QuoteExpHeadShotOnly>0</QuoteExpHeadShotOnly>
		<QuoteExpTeamSpecific>0</QuoteExpTeamSpecific>
		<QuoteExpGenderCode>0</QuoteExpGenderCode>
		<QuoteExpGotGunOrUsedGun>0</QuoteExpGotGunOrUsedGun>
		<QuoteExpPassingDislike>0</QuoteExpPassingDislike>
		<QuoteExpWitnessQueenBugDeath>0</QuoteExpWitnessQueenBugDeath>
		<QuoteExpWitnessDeidrannaDeath>0</QuoteExpWitnessDeidrannaDeath>
	</PROFILE>
	<PROFILE>
		<uiIndex>114</uiIndex>
		<Name>Pacos</Name>
		<QuoteExpHeadShotOnly>0</QuoteExpHeadShotOnly>
		<QuoteExpTeamSpecific>0</QuoteExpTeamSpecific>
		<QuoteExpGenderCode>0</QuoteExpGenderCode>
		<QuoteExpGotGunOrUsedGun>0</QuoteExpGotGunOrUsedGun>
		<QuoteExpPassingDislike>0</QuoteExpPassingDislike>
		<QuoteExpWitnessQueenBugDeath>0</QuoteExpWitnessQueenBugDeath>
		<QuoteExpWitnessDeidrannaDeath>0</QuoteExpWitnessDeidrannaDeath>
	</PROFILE>
	<PROFILE>
		<uiIndex>115</uiIndex>
		<Name>Dave</Name>
		<QuoteExpHeadShotOnly>0</QuoteExpHeadShotOnly>
		<QuoteExpTeamSpecific>0</QuoteExpTeamSpecific>
		<QuoteExpGenderCode>0</QuoteExpGenderCode>
		<QuoteExpGotGunOrUsedGun>0</QuoteExpGotGunOrUsedGun>
		<QuoteExpPassingDislike>0</QuoteExpPassingDislike>
		<QuoteExpWitnessQueenBugDeath>0</QuoteExpWitnessQueenBugDeath>
		<QuoteExpWitnessDeidrannaDeath>0</QuoteExpWitnessDeidrannaDeath>
	</PROFILE>
	<PROFILE>
		<uiIndex>116</uiIndex>
		<Name>Skipper</Name>
		<QuoteExpHeadShotOnly>0</QuoteExpHeadShotOnly>
		<QuoteExpTeamSpecific>0</QuoteExpTeamSpecific>
		<QuoteExpGenderCode>0</QuoteExpGenderCode>
		<QuoteExpGotGunOrUsedGun>0</QuoteExpGotGunOrUsedGun>
		<QuoteExpPassingDislike>0</QuoteExpPassingDislike>
		<QuoteExpWitnessQueenBugDeath>0</QuoteExpWitnessQueenBugDeath>
		<QuoteExpWitnessDeidrannaDeath>0</QuoteExpWitnessDeidrannaDeath>
	</PROFILE>
	<PROFILE>
		<uiIndex>117</uiIndex>
		<Name>Hans</Name>
		<QuoteExpHeadShotOnly>0</QuoteExpHeadShotOnly>
		<QuoteExpTeamSpecific>0</QuoteExpTeamSpecific>
		<QuoteExpGenderCode>0</QuoteExpGenderCode>
		<QuoteExpGotGunOrUsedGun>0</QuoteExpGotGunOrUsedGun>
		<QuoteExpPassingDislike>0</QuoteExpPassingDislike>
		<QuoteExpWitnessQueenBugDeath>0</QuoteExpWitnessQueenBugDeath>
		<QuoteExpWitnessDeidrannaDeath>0</QuoteExpWitnessDeidrannaDeath>
	</PROFILE>
	<PROFILE>
		<uiIndex>118</uiIndex>
		<Name>John</Name>
		<QuoteExpHeadShotOnly>0</QuoteExpHeadShotOnly>
		<QuoteExpTeamSpecific>0</QuoteExpTeamSpecific>
		<QuoteExpGenderCode>0</QuoteExpGenderCode>
		<QuoteExpGotGunOrUsedGun>0</QuoteExpGotGunOrUsedGun>
		<QuoteExpPassingDislike>0</QuoteExpPassingDislike>
		<QuoteExpWitnessQueenBugDeath>0</QuoteExpWitnessQueenBugDeath>
		<QuoteExpWitnessDeidrannaDeath>0</QuoteExpWitnessDeidrannaDeath>
	</PROFILE>
	<PROFILE>
		<uiIndex>119</uiIndex>
		<Name>Mary</Name>
		<QuoteExpHeadShotOnly>0</QuoteExpHeadShotOnly>
		<QuoteExpTeamSpecific>0</QuoteExpTeamSpecific>
		<QuoteExpGenderCode>0</QuoteExpGenderCode>
		<QuoteExpGotGunOrUsedGun>0</QuoteExpGotGunOrUsedGun>
		<QuoteExpPassingDislike>0</QuoteExpPassingDislike>
		<QuoteExpWitnessQueenBugDeath>0</QuoteExpWitnessQueenBugDeath>
		<QuoteExpWitnessDeidrannaDeath>0</QuoteExpWitnessDeidrannaDeath>
	</PROFILE>
	<PROFILE>
		<uiIndex>120</uiIndex>
		<Name>General</Name>
		<QuoteExpHeadShotOnly>0</QuoteExpHeadShotOnly>
		<QuoteExpTeamSpecific>0</QuoteExpTeamSpecific>
		<QuoteExpGenderCode>0</QuoteExpGenderCode>
		<QuoteExpGotGunOrUsedGun>0</QuoteExpGotGunOrUsedGun>
		<QuoteExpPassingDislike>0</QuoteExpPassingDislike>
		<QuoteExpWitnessQueenBugDeath>0</QuoteExpWitnessQueenBugDeath>
		<QuoteExpWitnessDeidrannaDeath>0</QuoteExpWitnessDeidrannaDeath>
	</PROFILE>
	<PROFILE>
		<uiIndex>121</uiIndex>
		<Name>Sergeant</Name>
		<QuoteExpHeadShotOnly>0</QuoteExpHeadShotOnly>
		<QuoteExpTeamSpecific>0</QuoteExpTeamSpecific>
		<QuoteExpGenderCode>0</QuoteExpGenderCode>
		<QuoteExpGotGunOrUsedGun>0</QuoteExpGotGunOrUsedGun>
		<QuoteExpPassingDislike>0</QuoteExpPassingDislike>
		<QuoteExpWitnessQueenBugDeath>0</QuoteExpWitnessQueenBugDeath>
		<QuoteExpWitnessDeidrannaDeath>0</QuoteExpWitnessDeidrannaDeath>
	</PROFILE>
	<PROFILE>
		<uiIndex>122</uiIndex>
		<Name>Armand</Name>
		<QuoteExpHeadShotOnly>0</QuoteExpHeadShotOnly>
		<QuoteExpTeamSpecific>0</QuoteExpTeamSpecific>
		<QuoteExpGenderCode>0</QuoteExpGenderCode>
		<QuoteExpGotGunOrUsedGun>0</QuoteExpGotGunOrUsedGun>
		<QuoteExpPassingDislike>0</QuoteExpPassingDislike>
		<QuoteExpWitnessQueenBugDeath>0</QuoteExpWitnessQueenBugDeath>
		<QuoteExpWitnessDeidrannaDeath>0</QuoteExpWitnessDeidrannaDeath>
	</PROFILE>
	<PROFILE>
		<uiIndex>123</uiIndex>
		<Name>Lora</Name>
		<QuoteExpHeadShotOnly>0</QuoteExpHeadShotOnly>
		<QuoteExpTeamSpecific>0</QuoteExpTeamSpecific>
		<QuoteExpGenderCode>0</QuoteExpGenderCode>
		<QuoteExpGotGunOrUsedGun>0</QuoteExpGotGunOrUsedGun>
		<QuoteExpPassingDislike>0</QuoteExpPassingDislike>
		<QuoteExpWitnessQueenBugDeath>0</QuoteExpWitnessQueenBugDeath>
		<QuoteExpWitnessDeidrannaDeath>0</QuoteExpWitnessDeidrannaDeath>
	</PROFILE>
	<PROFILE>
		<uiIndex>124</uiIndex>
		<Name>Franz</Name>
		<QuoteExpHeadShotOnly>0</QuoteExpHeadShotOnly>
		<QuoteExpTeamSpecific>0</QuoteExpTeamSpecific>
		<QuoteExpGenderCode>0</QuoteExpGenderCode>
		<QuoteExpGotGunOrUsedGun>0</QuoteExpGotGunOrUsedGun>
		<QuoteExpPassingDislike>0</QuoteExpPassingDislike>
		<QuoteExpWitnessQueenBugDeath>0</QuoteExpWitnessQueenBugDeath>
		<QuoteExpWitnessDeidrannaDeath>0</QuoteExpWitnessDeidrannaDeath>
	</PROFILE>
	<PROFILE>
		<uiIndex>125</uiIndex>
		<Name>Howard</Name>
		<QuoteExpHeadShotOnly>0</QuoteExpHeadShotOnly>
		<QuoteExpTeamSpecific>0</QuoteExpTeamSpecific>
		<QuoteExpGenderCode>0</QuoteExpGenderCode>
		<QuoteExpGotGunOrUsedGun>0</QuoteExpGotGunOrUsedGun>
		<QuoteExpPassingDislike>0</QuoteExpPassingDislike>
		<QuoteExpWitnessQueenBugDeath>0</QuoteExpWitnessQueenBugDeath>
		<QuoteExpWitnessDeidrannaDeath>0</QuoteExpWitnessDeidrannaDeath>
	</PROFILE>
	<PROFILE>
		<uiIndex>126</uiIndex>
		<Name>Sam</Name>
		<QuoteExpHeadShotOnly>0</QuoteExpHeadShotOnly>
		<QuoteExpTeamSpecific>0</QuoteExpTeamSpecific>
		<QuoteExpGenderCode>0</QuoteExpGenderCode>
		<QuoteExpGotGunOrUsedGun>0</QuoteExpGotGunOrUsedGun>
		<QuoteExpPassingDislike>0</QuoteExpPassingDislike>
		<QuoteExpWitnessQueenBugDeath>0</QuoteExpWitnessQueenBugDeath>
		<QuoteExpWitnessDeidrannaDeath>0</QuoteExpWitnessDeidrannaDeath>
	</PROFILE>
	<PROFILE>
		<uiIndex>127</uiIndex>
		<Name>Eldin</Name>
		<QuoteExpHeadShotOnly>0</QuoteExpHeadShotOnly>
		<QuoteExpTeamSpecific>0</QuoteExpTeamSpecific>
		<QuoteExpGenderCode>0</QuoteExpGenderCode>
		<QuoteExpGotGunOrUsedGun>0</QuoteExpGotGunOrUsedGun>
		<QuoteExpPassingDislike>0</QuoteExpPassingDislike>
		<QuoteExpWitnessQueenBugDeath>0</QuoteExpWitnessQueenBugDeath>
		<QuoteExpWitnessDeidrannaDeath>0</QuoteExpWitnessDeidrannaDeath>
	</PROFILE>
	<PROFILE>
		<uiIndex>128</uiIndex>
		<Name>Arnie</Name>
		<QuoteExpHeadShotOnly>0</QuoteExpHeadShotOnly>
		<QuoteExpTeamSpecific>0</QuoteExpTeamSpecific>
		<QuoteExpGenderCode>0</QuoteExpGenderCode>
		<QuoteExpGotGunOrUsedGun>0</QuoteExpGotGunOrUsedGun>
		<QuoteExpPassingDislike>0</QuoteExpPassingDislike>
		<QuoteExpWitnessQueenBugDeath>0</QuoteExpWitnessQueenBugDeath>
		<QuoteExpWitnessDeidrannaDeath>0</QuoteExpWitnessDeidrannaDeath>
	</PROFILE>
	<PROFILE>
		<uiIndex>129</uiIndex>
		<Name>Tina</Name>
		<QuoteExpHeadShotOnly>0</QuoteExpHeadShotOnly>
		<QuoteExpTeamSpecific>0</QuoteExpTeamSpecific>
		<QuoteExpGenderCode>0</QuoteExpGenderCode>
		<QuoteExpGotGunOrUsedGun>0</QuoteExpGotGunOrUsedGun>
		<QuoteExpPassingDislike>0</QuoteExpPassingDislike>
		<QuoteExpWitnessQueenBugDeath>0</QuoteExpWitnessQueenBugDeath>
		<QuoteExpWitnessDeidrannaDeath>0</QuoteExpWitnessDeidrannaDeath>
	</PROFILE>
	<PROFILE>
		<uiIndex>130</uiIndex>
		<Name>Fredo</Name>
		<QuoteExpHeadShotOnly>0</QuoteExpHeadShotOnly>
		<QuoteExpTeamSpecific>0</QuoteExpTeamSpecific>
		<QuoteExpGenderCode>0</QuoteExpGenderCode>
		<QuoteExpGotGunOrUsedGun>0</QuoteExpGotGunOrUsedGun>
		<QuoteExpPassingDislike>0</QuoteExpPassingDislike>
		<QuoteExpWitnessQueenBugDeath>0</QuoteExpWitnessQueenBugDeath>
		<QuoteExpWitnessDeidrannaDeath>0</QuoteExpWitnessDeidrannaDeath>
	</PROFILE>
	<PROFILE>
		<uiIndex>131</uiIndex>
		<Name>Walter</Name>
		<QuoteExpHeadShotOnly>0</QuoteExpHeadShotOnly>
		<QuoteExpTeamSpecific>0</QuoteExpTeamSpecific>
		<QuoteExpGenderCode>0</QuoteExpGenderCode>
		<QuoteExpGotGunOrUsedGun>0</QuoteExpGotGunOrUsedGun>
		<QuoteExpPassingDislike>0</QuoteExpPassingDislike>
		<QuoteExpWitnessQueenBugDeath>0</QuoteExpWitnessQueenBugDeath>
		<QuoteExpWitnessDeidrannaDeath>0</QuoteExpWitnessDeidrannaDeath>
	</PROFILE>
	<PROFILE>
		<uiIndex>132</uiIndex>
		<Name>Jenny</Name>
		<QuoteExpHeadShotOnly>0</QuoteExpHeadShotOnly>
		<QuoteExpTeamSpecific>0</QuoteExpTeamSpecific>
		<QuoteExpGenderCode>0</QuoteExpGenderCode>
		<QuoteExpGotGunOrUsedGun>0</QuoteExpGotGunOrUsedGun>
		<QuoteExpPassingDislike>0</QuoteExpPassingDislike>
		<QuoteExpWitnessQueenBugDeath>0</QuoteExpWitnessQueenBugDeath>
		<QuoteExpWitnessDeidrannaDeath>0</QuoteExpWitnessDeidrannaDeath>
	</PROFILE>
	<PROFILE>
		<uiIndex>133</uiIndex>
		<Name>Billy</Name>
		<QuoteExpHeadShotOnly>0</QuoteExpHeadShotOnly>
		<QuoteExpTeamSpecific>0</QuoteExpTeamSpecific>
		<QuoteExpGenderCode>0</QuoteExpGenderCode>
		<QuoteExpGotGunOrUsedGun>0</QuoteExpGotGunOrUsedGun>
		<QuoteExpPassingDislike>0</QuoteExpPassingDislike>
		<QuoteExpWitnessQueenBugDeath>0</QuoteExpWitnessQueenBugDeath>
		<QuoteExpWitnessDeidrannaDeath>0</QuoteExpWitnessDeidrannaDeath>
	</PROFILE>
	<PROFILE>
		<uiIndex>134</uiIndex>
		<Name>Brewster</Name>
		<QuoteExpHeadShotOnly>0</QuoteExpHeadShotOnly>
		<QuoteExpTeamSpecific>0</QuoteExpTeamSpecific>
		<QuoteExpGenderCode>0</QuoteExpGenderCode>
		<QuoteExpGotGunOrUsedGun>0</QuoteExpGotGunOrUsedGun>
		<QuoteExpPassingDislike>0</QuoteExpPassingDislike>
		<QuoteExpWitnessQueenBugDeath>0</QuoteExpWitnessQueenBugDeath>
		<QuoteExpWitnessDeidrannaDeath>0</QuoteExpWitnessDeidrannaDeath>
	</PROFILE>
	<PROFILE>
		<uiIndex>135</uiIndex>
		<Name>Elliot</Name>
		<QuoteExpHeadShotOnly>0</QuoteExpHeadShotOnly>
		<QuoteExpTeamSpecific>0</QuoteExpTeamSpecific>
		<QuoteExpGenderCode>0</QuoteExpGenderCode>
		<QuoteExpGotGunOrUsedGun>0</QuoteExpGotGunOrUsedGun>
		<QuoteExpPassingDislike>0</QuoteExpPassingDislike>
		<QuoteExpWitnessQueenBugDeath>0</QuoteExpWitnessQueenBugDeath>
		<QuoteExpWitnessDeidrannaDeath>0</QuoteExpWitnessDeidrannaDeath>
	</PROFILE>
	<PROFILE>
		<uiIndex>136</uiIndex>
		<Name>Derek</Name>
		<QuoteExpHeadShotOnly>0</QuoteExpHeadShotOnly>
		<QuoteExpTeamSpecific>0</QuoteExpTeamSpecific>
		<QuoteExpGenderCode>0</QuoteExpGenderCode>
		<QuoteExpGotGunOrUsedGun>0</QuoteExpGotGunOrUsedGun>
		<QuoteExpPassingDislike>0</QuoteExpPassingDislike>
		<QuoteExpWitnessQueenBugDeath>0</QuoteExpWitnessQueenBugDeath>
		<QuoteExpWitnessDeidrannaDeath>0</QuoteExpWitnessDeidrannaDeath>
	</PROFILE>
	<PROFILE>
		<uiIndex>137</uiIndex>
		<Name>Oliver</Name>
		<QuoteExpHeadShotOnly>0</QuoteExpHeadShotOnly>
		<QuoteExpTeamSpecific>0</QuoteExpTeamSpecific>
		<QuoteExpGenderCode>0</QuoteExpGenderCode>
		<QuoteExpGotGunOrUsedGun>0</QuoteExpGotGunOrUsedGun>
		<QuoteExpPassingDislike>0</QuoteExpPassingDislike>
		<QuoteExpWitnessQueenBugDeath>0</QuoteExpWitnessQueenBugDeath>
		<QuoteExpWitnessDeidrannaDeath>0</QuoteExpWitnessDeidrannaDeath>
	</PROFILE>
	<PROFILE>
		<uiIndex>138</uiIndex>
		<Name>Waldo</Name>
		<QuoteExpHeadShotOnly>0</QuoteExpHeadShotOnly>
		<QuoteExpTeamSpecific>0</QuoteExpTeamSpecific>
		<QuoteExpGenderCode>0</QuoteExpGenderCode>
		<QuoteExpGotGunOrUsedGun>0</QuoteExpGotGunOrUsedGun>
		<QuoteExpPassingDislike>0</QuoteExpPassingDislike>
		<QuoteExpWitnessQueenBugDeath>0</QuoteExpWitnessQueenBugDeath>
		<QuoteExpWitnessDeidrannaDeath>0</QuoteExpWitnessDeidrannaDeath>
	</PROFILE>
	<PROFILE>
		<uiIndex>139</uiIndex>
		<Name>Doreen</Name>
		<QuoteExpHeadShotOnly>0</QuoteExpHeadShotOnly>
		<QuoteExpTeamSpecific>0</QuoteExpTeamSpecific>
		<QuoteExpGenderCode>0</QuoteExpGenderCode>
		<QuoteExpGotGunOrUsedGun>0</QuoteExpGotGunOrUsedGun>
		<QuoteExpPassingDislike>0</QuoteExpPassingDislike>
		<QuoteExpWitnessQueenBugDeath>0</QuoteExpWitnessQueenBugDeath>
		<QuoteExpWitnessDeidrannaDeath>0</QuoteExpWitnessDeidrannaDeath>
	</PROFILE>
	<PROFILE>
		<uiIndex>140</uiIndex>
		<Name>Jim</Name>
		<QuoteExpHeadShotOnly>0</QuoteExpHeadShotOnly>
		<QuoteExpTeamSpecific>0</QuoteExpTeamSpecific>
		<QuoteExpGenderCode>0</QuoteExpGenderCode>
		<QuoteExpGotGunOrUsedGun>0</QuoteExpGotGunOrUsedGun>
		<QuoteExpPassingDislike>0</QuoteExpPassingDislike>
		<QuoteExpWitnessQueenBugDeath>0</QuoteExpWitnessQueenBugDeath>
		<QuoteExpWitnessDeidrannaDeath>0</QuoteExpWitnessDeidrannaDeath>
	</PROFILE>
	<PROFILE>
		<uiIndex>141</uiIndex>
		<Name>Jack</Name>
		<QuoteExpHeadShotOnly>0</QuoteExpHeadShotOnly>
		<QuoteExpTeamSpecific>0</QuoteExpTeamSpecific>
		<QuoteExpGenderCode>0</QuoteExpGenderCode>
		<QuoteExpGotGunOrUsedGun>0</QuoteExpGotGunOrUsedGun>
		<QuoteExpPassingDislike>0</QuoteExpPassingDislike>
		<QuoteExpWitnessQueenBugDeath>0</QuoteExpWitnessQueenBugDeath>
		<QuoteExpWitnessDeidrannaDeath>0</QuoteExpWitnessDeidrannaDeath>
	</PROFILE>
	<PROFILE>
		<uiIndex>142</uiIndex>
		<Name>Olaf</Name>
		<QuoteExpHeadShotOnly>0</QuoteExpHeadShotOnly>
		<QuoteExpTeamSpecific>0</QuoteExpTeamSpecific>
		<QuoteExpGenderCode>0</QuoteExpGenderCode>
		<QuoteExpGotGunOrUsedGun>0</QuoteExpGotGunOrUsedGun>
		<QuoteExpPassingDislike>0</QuoteExpPassingDislike>
		<QuoteExpWitnessQueenBugDeath>0</QuoteExpWitnessQueenBugDeath>
		<QuoteExpWitnessDeidrannaDeath>0</QuoteExpWitnessDeidrannaDeath>
	</PROFILE>
	<PROFILE>
		<uiIndex>143</uiIndex>
		<Name>Ray</Name>
		<QuoteExpHeadShotOnly>0</QuoteExpHeadShotOnly>
		<QuoteExpTeamSpecific>0</QuoteExpTeamSpecific>
		<QuoteExpGenderCode>0</QuoteExpGenderCode>
		<QuoteExpGotGunOrUsedGun>0</QuoteExpGotGunOrUsedGun>
		<QuoteExpPassingDislike>0</QuoteExpPassingDislike>
		<QuoteExpWitnessQueenBugDeath>0</QuoteExpWitnessQueenBugDeath>
		<QuoteExpWitnessDeidrannaDeath>0</QuoteExpWitnessDeidrannaDeath>
	</PROFILE>
	<PROFILE>
		<uiIndex>144</uiIndex>
		<Name>Olga</Name>
		<QuoteExpHeadShotOnly>0</QuoteExpHeadShotOnly>
		<QuoteExpTeamSpecific>0</QuoteExpTeamSpecific>
		<QuoteExpGenderCode>0</QuoteExpGenderCode>
		<QuoteExpGotGunOrUsedGun>0</QuoteExpGotGunOrUsedGun>
		<QuoteExpPassingDislike>0</QuoteExpPassingDislike>
		<QuoteExpWitnessQueenBugDeath>0</QuoteExpWitnessQueenBugDeath>
		<QuoteExpWitnessDeidrannaDeath>0</QuoteExpWitnessDeidrannaDeath>
	</PROFILE>
	<PROFILE>
		<uiIndex>145</uiIndex>
		<Name>Tyrone</Name>
		<QuoteExpHeadShotOnly>0</QuoteExpHeadShotOnly>
		<QuoteExpTeamSpecific>0</QuoteExpTeamSpecific>
		<QuoteExpGenderCode>0</QuoteExpGenderCode>
		<QuoteExpGotGunOrUsedGun>0</QuoteExpGotGunOrUsedGun>
		<QuoteExpPassingDislike>0</QuoteExpPassingDislike>
		<QuoteExpWitnessQueenBugDeath>0</QuoteExpWitnessQueenBugDeath>
		<QuoteExpWitnessDeidrannaDeath>0</QuoteExpWitnessDeidrannaDeath>
	</PROFILE>
	<PROFILE>
		<uiIndex>146</uiIndex>
		<Name>MadLab</Name>
		<QuoteExpHeadShotOnly>0</QuoteExpHeadShotOnly>
		<QuoteExpTeamSpecific>0</QuoteExpTeamSpecific>
		<QuoteExpGenderCode>0</QuoteExpGenderCode>
		<QuoteExpGotGunOrUsedGun>0</QuoteExpGotGunOrUsedGun>
		<QuoteExpPassingDislike>0</QuoteExpPassingDislike>
		<QuoteExpWitnessQueenBugDeath>0</QuoteExpWitnessQueenBugDeath>
		<QuoteExpWitnessDeidrannaDeath>0</QuoteExpWitnessDeidrannaDeath>
	</PROFILE>
	<PROFILE>
		<uiIndex>147</uiIndex>
		<Name>keith</Name>
		<QuoteExpHeadShotOnly>0</QuoteExpHeadShotOnly>
		<QuoteExpTeamSpecific>0</QuoteExpTeamSpecific>
		<QuoteExpGenderCode>0</QuoteExpGenderCode>
		<QuoteExpGotGunOrUsedGun>0</QuoteExpGotGunOrUsedGun>
		<QuoteExpPassingDislike>0</QuoteExpPassingDislike>
		<QuoteExpWitnessQueenBugDeath>0</QuoteExpWitnessQueenBugDeath>
		<QuoteExpWitnessDeidrannaDeath>0</QuoteExpWitnessDeidrannaDeath>
	</PROFILE>
	<PROFILE>
		<uiIndex>148</uiIndex>
		<Name>Matt</Name>
		<QuoteExpHeadShotOnly>0</QuoteExpHeadShotOnly>
		<QuoteExpTeamSpecific>0</QuoteExpTeamSpecific>
		<QuoteExpGenderCode>0</QuoteExpGenderCode>
		<QuoteExpGotGunOrUsedGun>0</QuoteExpGotGunOrUsedGun>
		<QuoteExpPassingDislike>0</QuoteExpPassingDislike>
		<QuoteExpWitnessQueenBugDeath>0</QuoteExpWitnessQueenBugDeath>
		<QuoteExpWitnessDeidrannaDeath>0</QuoteExpWitnessDeidrannaDeath>
	</PROFILE>
	<PROFILE>
		<uiIndex>149</uiIndex>
		<Name>Mike</Name>
		<QuoteExpHeadShotOnly>0</QuoteExpHeadShotOnly>
		<QuoteExpTeamSpecific>0</QuoteExpTeamSpecific>
		<QuoteExpGenderCode>0</QuoteExpGenderCode>
		<QuoteExpGotGunOrUsedGun>0</QuoteExpGotGunOrUsedGun>
		<QuoteExpPassingDislike>0</QuoteExpPassingDislike>
		<QuoteExpWitnessQueenBugDeath>0</QuoteExpWitnessQueenBugDeath>
		<QuoteExpWitnessDeidrannaDeath>0</QuoteExpWitnessDeidrannaDeath>
	</PROFILE>
	<PROFILE>
		<uiIndex>150</uiIndex>
		<Name>Daryl</Name>
		<QuoteExpHeadShotOnly>0</QuoteExpHeadShotOnly>
		<QuoteExpTeamSpecific>0</QuoteExpTeamSpecific>
		<QuoteExpGenderCode>0</QuoteExpGenderCode>
		<QuoteExpGotGunOrUsedGun>0</QuoteExpGotGunOrUsedGun>
		<QuoteExpPassingDislike>0</QuoteExpPassingDislike>
		<QuoteExpWitnessQueenBugDeath>0</QuoteExpWitnessQueenBugDeath>
		<QuoteExpWitnessDeidrannaDeath>0</QuoteExpWitnessDeidrannaDeath>
	</PROFILE>
	<PROFILE>
		<uiIndex>151</uiIndex>
		<Name>Herve</Name>
		<QuoteExpHeadShotOnly>0</QuoteExpHeadShotOnly>
		<QuoteExpTeamSpecific>0</QuoteExpTeamSpecific>
		<QuoteExpGenderCode>0</QuoteExpGenderCode>
		<QuoteExpGotGunOrUsedGun>0</QuoteExpGotGunOrUsedGun>
		<QuoteExpPassingDislike>0</QuoteExpPassingDislike>
		<QuoteExpWitnessQueenBugDeath>0</QuoteExpWitnessQueenBugDeath>
		<QuoteExpWitnessDeidrannaDeath>0</QuoteExpWitnessDeidrannaDeath>
	</PROFILE>
	<PROFILE>
		<uiIndex>152</uiIndex>
		<Name>Peter</Name>
		<QuoteExpHeadShotOnly>0</QuoteExpHeadShotOnly>
		<QuoteExpTeamSpecific>0</QuoteExpTeamSpecific>
		<QuoteExpGenderCode>0</QuoteExpGenderCode>
		<QuoteExpGotGunOrUsedGun>0</QuoteExpGotGunOrUsedGun>
		<QuoteExpPassingDislike>0</QuoteExpPassingDislike>
		<QuoteExpWitnessQueenBugDeath>0</QuoteExpWitnessQueenBugDeath>
		<QuoteExpWitnessDeidrannaDeath>0</QuoteExpWitnessDeidrannaDeath>
	</PROFILE>
	<PROFILE>
		<uiIndex>153</uiIndex>
		<Name>Alberto</Name>
		<QuoteExpHeadShotOnly>0</QuoteExpHeadShotOnly>
		<QuoteExpTeamSpecific>0</QuoteExpTeamSpecific>
		<QuoteExpGenderCode>0</QuoteExpGenderCode>
		<QuoteExpGotGunOrUsedGun>0</QuoteExpGotGunOrUsedGun>
		<QuoteExpPassingDislike>0</QuoteExpPassingDislike>
		<QuoteExpWitnessQueenBugDeath>0</QuoteExpWitnessQueenBugDeath>
		<QuoteExpWitnessDeidrannaDeath>0</QuoteExpWitnessDeidrannaDeath>
	</PROFILE>
	<PROFILE>
		<uiIndex>154</uiIndex>
		<Name>Carlo</Name>
		<QuoteExpHeadShotOnly>0</QuoteExpHeadShotOnly>
		<QuoteExpTeamSpecific>0</QuoteExpTeamSpecific>
		<QuoteExpGenderCode>0</QuoteExpGenderCode>
		<QuoteExpGotGunOrUsedGun>0</QuoteExpGotGunOrUsedGun>
		<QuoteExpPassingDislike>0</QuoteExpPassingDislike>
		<QuoteExpWitnessQueenBugDeath>0</QuoteExpWitnessQueenBugDeath>
		<QuoteExpWitnessDeidrannaDeath>0</QuoteExpWitnessDeidrannaDeath>
	</PROFILE>
	<PROFILE>
		<uiIndex>155</uiIndex>
		<Name>Manny</Name>
		<QuoteExpHeadShotOnly>0</QuoteExpHeadShotOnly>
		<QuoteExpTeamSpecific>0</QuoteExpTeamSpecific>
		<QuoteExpGenderCode>0</QuoteExpGenderCode>
		<QuoteExpGotGunOrUsedGun>0</QuoteExpGotGunOrUsedGun>
		<QuoteExpPassingDislike>0</QuoteExpPassingDislike>
		<QuoteExpWitnessQueenBugDeath>0</QuoteExpWitnessQueenBugDeath>
		<QuoteExpWitnessDeidrannaDeath>0</QuoteExpWitnessDeidrannaDeath>
	</PROFILE>
	<PROFILE>
		<uiIndex>156</uiIndex>
		<Name>Oswald</Name>
		<QuoteExpHeadShotOnly>0</QuoteExpHeadShotOnly>
		<QuoteExpTeamSpecific>0</QuoteExpTeamSpecific>
		<QuoteExpGenderCode>0</QuoteExpGenderCode>
		<QuoteExpGotGunOrUsedGun>0</QuoteExpGotGunOrUsedGun>
		<QuoteExpPassingDislike>0</QuoteExpPassingDislike>
		<QuoteExpWitnessQueenBugDeath>0</QuoteExpWitnessQueenBugDeath>
		<QuoteExpWitnessDeidrannaDeath>0</QuoteExpWitnessDeidrannaDeath>
	</PROFILE>
	<PROFILE>
		<uiIndex>157</uiIndex>
		<Name>Calvin</Name>
		<QuoteExpHeadShotOnly>0</QuoteExpHeadShotOnly>
		<QuoteExpTeamSpecific>0</QuoteExpTeamSpecific>
		<QuoteExpGenderCode>0</QuoteExpGenderCode>
		<QuoteExpGotGunOrUsedGun>0</QuoteExpGotGunOrUsedGun>
		<QuoteExpPassingDislike>0</QuoteExpPassingDislike>
		<QuoteExpWitnessQueenBugDeath>0</QuoteExpWitnessQueenBugDeath>
		<QuoteExpWitnessDeidrannaDeath>0</QuoteExpWitnessDeidrannaDeath>
	</PROFILE>
	<PROFILE>
		<uiIndex>158</uiIndex>
		<Name>Carl</Name>
		<QuoteExpHeadShotOnly>0</QuoteExpHeadShotOnly>
		<QuoteExpTeamSpecific>0</QuoteExpTeamSpecific>
		<QuoteExpGenderCode>0</QuoteExpGenderCode>
		<QuoteExpGotGunOrUsedGun>0</QuoteExpGotGunOrUsedGun>
		<QuoteExpPassingDislike>0</QuoteExpPassingDislike>
		<QuoteExpWitnessQueenBugDeath>0</QuoteExpWitnessQueenBugDeath>
		<QuoteExpWitnessDeidrannaDeath>0</QuoteExpWitnessDeidrannaDeath>
	</PROFILE>
	<PROFILE>
		<uiIndex>159</uiIndex>
		<Name>Speck...</Name>
		<QuoteExpHeadShotOnly>0</QuoteExpHeadShotOnly>
		<QuoteExpTeamSpecific>0</QuoteExpTeamSpecific>
		<QuoteExpGenderCode>0</QuoteExpGenderCode>
		<QuoteExpGotGunOrUsedGun>0</QuoteExpGotGunOrUsedGun>
		<QuoteExpPassingDislike>0</QuoteExpPassingDislike>
		<QuoteExpWitnessQueenBugDeath>0</QuoteExpWitnessQueenBugDeath>
		<QuoteExpWitnessDeidrannaDeath>0</QuoteExpWitnessDeidrannaDeath>
	</PROFILE>
	<PROFILE>
		<uiIndex>160</uiIndex>
		<Name>Hummer</Name>
		<QuoteExpHeadShotOnly>0</QuoteExpHeadShotOnly>
		<QuoteExpTeamSpecific>0</QuoteExpTeamSpecific>
		<QuoteExpGenderCode>0</QuoteExpGenderCode>
		<QuoteExpGotGunOrUsedGun>0</QuoteExpGotGunOrUsedGun>
		<QuoteExpPassingDislike>0</QuoteExpPassingDislike>
		<QuoteExpWitnessQueenBugDeath>0</QuoteExpWitnessQueenBugDeath>
		<QuoteExpWitnessDeidrannaDeath>0</QuoteExpWitnessDeidrannaDeath>
	</PROFILE>
	<PROFILE>
		<uiIndex>161</uiIndex>
		<Name>El Dorado</Name>
		<QuoteExpHeadShotOnly>0</QuoteExpHeadShotOnly>
		<QuoteExpTeamSpecific>0</QuoteExpTeamSpecific>
		<QuoteExpGenderCode>0</QuoteExpGenderCode>
		<QuoteExpGotGunOrUsedGun>0</QuoteExpGotGunOrUsedGun>
		<QuoteExpPassingDislike>0</QuoteExpPassingDislike>
		<QuoteExpWitnessQueenBugDeath>0</QuoteExpWitnessQueenBugDeath>
		<QuoteExpWitnessDeidrannaDeath>0</QuoteExpWitnessDeidrannaDeath>
	</PROFILE>
	<PROFILE>
		<uiIndex>162</uiIndex>
		<Name>Truck</Name>
		<QuoteExpHeadShotOnly>0</QuoteExpHeadShotOnly>
		<QuoteExpTeamSpecific>0</QuoteExpTeamSpecific>
		<QuoteExpGenderCode>0</QuoteExpGenderCode>
		<QuoteExpGotGunOrUsedGun>0</QuoteExpGotGunOrUsedGun>
		<QuoteExpPassingDislike>0</QuoteExpPassingDislike>
		<QuoteExpWitnessQueenBugDeath>0</QuoteExpWitnessQueenBugDeath>
		<QuoteExpWitnessDeidrannaDeath>0</QuoteExpWitnessDeidrannaDeath>
	</PROFILE>
	<PROFILE>
		<uiIndex>163</uiIndex>
		<Name>163</Name>
		<QuoteExpHeadShotOnly>0</QuoteExpHeadShotOnly>
		<QuoteExpTeamSpecific>0</QuoteExpTeamSpecific>
		<QuoteExpGenderCode>0</QuoteExpGenderCode>
		<QuoteExpGotGunOrUsedGun>0</QuoteExpGotGunOrUsedGun>
		<QuoteExpPassingDislike>0</QuoteExpPassingDislike>
		<QuoteExpWitnessQueenBugDeath>0</QuoteExpWitnessQueenBugDeath>
		<QuoteExpWitnessDeidrannaDeath>0</QuoteExpWitnessDeidrannaDeath>
	</PROFILE>
	<PROFILE>
		<uiIndex>164</uiIndex>
		<Name>164</Name>
		<QuoteExpHeadShotOnly>0</QuoteExpHeadShotOnly>
		<QuoteExpTeamSpecific>0</QuoteExpTeamSpecific>
		<QuoteExpGenderCode>0</QuoteExpGenderCode>
		<QuoteExpGotGunOrUsedGun>0</QuoteExpGotGunOrUsedGun>
		<QuoteExpPassingDislike>0</QuoteExpPassingDislike>
		<QuoteExpWitnessQueenBugDeath>0</QuoteExpWitnessQueenBugDeath>
		<QuoteExpWitnessDeidrannaDeath>0</QuoteExpWitnessDeidrannaDeath>
	</PROFILE>
	<PROFILE>
		<uiIndex>165</uiIndex>
		<Name>Gaston</Name>
		<QuoteExpHeadShotOnly>1</QuoteExpHeadShotOnly>
		<QuoteExpTeamSpecific>1</QuoteExpTeamSpecific>
		<QuoteExpGenderCode>1</QuoteExpGenderCode>
		<QuoteExpGotGunOrUsedGun>62</QuoteExpGotGunOrUsedGun>
		<QuoteExpPassingDislike>1</QuoteExpPassingDislike>
		<QuoteExpWitnessQueenBugDeath>1</QuoteExpWitnessQueenBugDeath>
		<QuoteExpWitnessDeidrannaDeath>1</QuoteExpWitnessDeidrannaDeath>
	</PROFILE>
	<PROFILE>
		<uiIndex>166</uiIndex>
		<Name>Stogie</Name>
		<QuoteExpHeadShotOnly>1</QuoteExpHeadShotOnly>
		<QuoteExpTeamSpecific>1</QuoteExpTeamSpecific>
		<QuoteExpGenderCode>2</QuoteExpGenderCode>
		<QuoteExpGotGunOrUsedGun>62</QuoteExpGotGunOrUsedGun>
		<QuoteExpPassingDislike>0</QuoteExpPassingDislike>
		<QuoteExpWitnessQueenBugDeath>1</QuoteExpWitnessQueenBugDeath>
		<QuoteExpWitnessDeidrannaDeath>1</QuoteExpWitnessDeidrannaDeath>
	</PROFILE>
	<PROFILE>
		<uiIndex>167</uiIndex>
		<Name>Tex</Name>
		<QuoteExpHeadShotOnly>1</QuoteExpHeadShotOnly>
		<QuoteExpTeamSpecific>1</QuoteExpTeamSpecific>
		<QuoteExpGenderCode>1</QuoteExpGenderCode>
		<QuoteExpGotGunOrUsedGun>62</QuoteExpGotGunOrUsedGun>
		<QuoteExpPassingDislike>1</QuoteExpPassingDislike>
		<QuoteExpWitnessQueenBugDeath>1</QuoteExpWitnessQueenBugDeath>
		<QuoteExpWitnessDeidrannaDeath>1</QuoteExpWitnessDeidrannaDeath>
	</PROFILE>
	<PROFILE>
		<uiIndex>168</uiIndex>
		<Name>Biggins</Name>
		<QuoteExpHeadShotOnly>0</QuoteExpHeadShotOnly>
		<QuoteExpTeamSpecific>1</QuoteExpTeamSpecific>
		<QuoteExpGenderCode>2</QuoteExpGenderCode>
		<QuoteExpGotGunOrUsedGun>61</QuoteExpGotGunOrUsedGun>
		<QuoteExpPassingDislike>1</QuoteExpPassingDislike>
		<QuoteExpWitnessQueenBugDeath>1</QuoteExpWitnessQueenBugDeath>
		<QuoteExpWitnessDeidrannaDeath>1</QuoteExpWitnessDeidrannaDeath>
	</PROFILE>
	<PROFILE>
		<uiIndex>169</uiIndex>
		<Name>169</Name>
		<QuoteExpHeadShotOnly>0</QuoteExpHeadShotOnly>
		<QuoteExpTeamSpecific>0</QuoteExpTeamSpecific>
		<QuoteExpGenderCode>0</QuoteExpGenderCode>
		<QuoteExpGotGunOrUsedGun>0</QuoteExpGotGunOrUsedGun>
		<QuoteExpPassingDislike>0</QuoteExpPassingDislike>
		<QuoteExpWitnessQueenBugDeath>0</QuoteExpWitnessQueenBugDeath>
		<QuoteExpWitnessDeidrannaDeath>0</QuoteExpWitnessDeidrannaDeath>
	</PROFILE>
	<PROFILE>
		<uiIndex>170</uiIndex>
		<Name>Monk</Name>
		<QuoteExpHeadShotOnly>1</QuoteExpHeadShotOnly>
		<QuoteExpTeamSpecific>0</QuoteExpTeamSpecific>
		<QuoteExpGenderCode>2</QuoteExpGenderCode>
		<QuoteExpGotGunOrUsedGun>62</QuoteExpGotGunOrUsedGun>
		<QuoteExpPassingDislike>0</QuoteExpPassingDislike>
		<QuoteExpWitnessQueenBugDeath>1</QuoteExpWitnessQueenBugDeath>
		<QuoteExpWitnessDeidrannaDeath>1</QuoteExpWitnessDeidrannaDeath>
	</PROFILE>
	<PROFILE>
		<uiIndex>171</uiIndex>
		<Name>Brain</Name>
		<QuoteExpHeadShotOnly>0</QuoteExpHeadShotOnly>
		<QuoteExpTeamSpecific>1</QuoteExpTeamSpecific>
		<QuoteExpGenderCode>2</QuoteExpGenderCode>
		<QuoteExpGotGunOrUsedGun>62</QuoteExpGotGunOrUsedGun>
		<QuoteExpPassingDislike>0</QuoteExpPassingDislike>
		<QuoteExpWitnessQueenBugDeath>1</QuoteExpWitnessQueenBugDeath>
		<QuoteExpWitnessDeidrannaDeath>1</QuoteExpWitnessDeidrannaDeath>
	</PROFILE>
	<PROFILE>
		<uiIndex>172</uiIndex>
		<Name>Scream</Name>
		<QuoteExpHeadShotOnly>0</QuoteExpHeadShotOnly>
		<QuoteExpTeamSpecific>1</QuoteExpTeamSpecific>
		<QuoteExpGenderCode>2</QuoteExpGenderCode>
		<QuoteExpGotGunOrUsedGun>62</QuoteExpGotGunOrUsedGun>
		<QuoteExpPassingDislike>0</QuoteExpPassingDislike>
		<QuoteExpWitnessQueenBugDeath>1</QuoteExpWitnessQueenBugDeath>
		<QuoteExpWitnessDeidrannaDeath>1</QuoteExpWitnessDeidrannaDeath>
	</PROFILE>
	<PROFILE>
		<uiIndex>173</uiIndex>
		<Name>Henning</Name>
		<QuoteExpHeadShotOnly>0</QuoteExpHeadShotOnly>
		<QuoteExpTeamSpecific>1</QuoteExpTeamSpecific>
		<QuoteExpGenderCode>2</QuoteExpGenderCode>
		<QuoteExpGotGunOrUsedGun>62</QuoteExpGotGunOrUsedGun>
		<QuoteExpPassingDislike>0</QuoteExpPassingDislike>
		<QuoteExpWitnessQueenBugDeath>1</QuoteExpWitnessQueenBugDeath>
		<QuoteExpWitnessDeidrannaDeath>1</QuoteExpWitnessDeidrannaDeath>
	</PROFILE>
	<PROFILE>
		<uiIndex>174</uiIndex>
		<Name>Lucky</Name>
		<QuoteExpHeadShotOnly>0</QuoteExpHeadShotOnly>
		<QuoteExpTeamSpecific>1</QuoteExpTeamSpecific>
		<QuoteExpGenderCode>2</QuoteExpGenderCode>
		<QuoteExpGotGunOrUsedGun>62</QuoteExpGotGunOrUsedGun>
		<QuoteExpPassingDislike>0</QuoteExpPassingDislike>
		<QuoteExpWitnessQueenBugDeath>1</QuoteExpWitnessQueenBugDeath>
		<QuoteExpWitnessDeidrannaDeath>1</QuoteExpWitnessDeidrannaDeath>
	</PROFILE>
	<PROFILE>
		<uiIndex>175</uiIndex>
		<Name>Laura</Name>
		<QuoteExpHeadShotOnly>0</QuoteExpHeadShotOnly>
		<QuoteExpTeamSpecific>1</QuoteExpTeamSpecific>
		<QuoteExpGenderCode>2</QuoteExpGenderCode>
		<QuoteExpGotGunOrUsedGun>62</QuoteExpGotGunOrUsedGun>
		<QuoteExpPassingDislike>0</QuoteExpPassingDislike>
		<QuoteExpWitnessQueenBugDeath>1</QuoteExpWitnessQueenBugDeath>
		<QuoteExpWitnessDeidrannaDeath>1</QuoteExpWitnessDeidrannaDeath>
	</PROFILE>
	<PROFILE>
		<uiIndex>176</uiIndex>
		<Name>Grace</Name>
		<QuoteExpHeadShotOnly>0</QuoteExpHeadShotOnly>
		<QuoteExpTeamSpecific>1</QuoteExpTeamSpecific>
		<QuoteExpGenderCode>2</QuoteExpGenderCode>
		<QuoteExpGotGunOrUsedGun>62</QuoteExpGotGunOrUsedGun>
		<QuoteExpPassingDislike>0</QuoteExpPassingDislike>
		<QuoteExpWitnessQueenBugDeath>1</QuoteExpWitnessQueenBugDeath>
		<QuoteExpWitnessDeidrannaDeath>1</QuoteExpWitnessDeidrannaDeath>
	</PROFILE>
	<PROFILE>
		<uiIndex>177</uiIndex>
		<Name>Rudolf</Name>
		<QuoteExpHeadShotOnly>0</QuoteExpHeadShotOnly>
		<QuoteExpTeamSpecific>1</QuoteExpTeamSpecific>
		<QuoteExpGenderCode>2</QuoteExpGenderCode>
		<QuoteExpGotGunOrUsedGun>62</QuoteExpGotGunOrUsedGun>
		<QuoteExpPassingDislike>0</QuoteExpPassingDislike>
		<QuoteExpWitnessQueenBugDeath>1</QuoteExpWitnessQueenBugDeath>
		<QuoteExpWitnessDeidrannaDeath>1</QuoteExpWitnessDeidrannaDeath>
	</PROFILE>
</QARRAY>