﻿<?xml version="1.0" encoding="utf-8"?>
<SENDER_LIST>
	<NAME>
		<uiIndex>0</uiIndex>
		<Name>Enrico</Name>
	</NAME>
	<NAME>
		<uiIndex>1</uiIndex>
		<Name>Psych Pro Inc</Name>
	</NAME>
	<NAME>
		<uiIndex>2</uiIndex>
		<Name>Help Desk</Name>
	</NAME>
	<NAME>
		<uiIndex>3</uiIndex>
		<Name>Psych Pro Inc</Name>
	</NAME>
	<NAME>
		<uiIndex>4</uiIndex>
		<Name>Speck</Name>
	</NAME>
	<NAME>
		<uiIndex>5</uiIndex>
		<Name>R.I.S.</Name>
	</NAME>
	<NAME>
		<uiIndex>6</uiIndex>
		<Name>Barry</Name>
	</NAME>
	<NAME>
		<uiIndex>7</uiIndex>
		<Name>Blood</Name>
	</NAME>
	<NAME>
		<uiIndex>8</uiIndex>
		<Name>Lynx</Name>
	</NAME>
	<NAME>
		<uiIndex>9</uiIndex>
		<Name>Grizzly</Name>
	</NAME>
	<NAME>
		<uiIndex>10</uiIndex>
		<Name>Vicki</Name>
	</NAME>
	<NAME>
		<uiIndex>11</uiIndex>
		<Name>Trevor</Name>
	</NAME>
	<NAME>
		<uiIndex>12</uiIndex>
		<Name>Grunty</Name>
	</NAME>
	<NAME>
		<uiIndex>13</uiIndex>
		<Name>Ivan</Name>
	</NAME>
	<NAME>
		<uiIndex>14</uiIndex>
		<Name>Steroid</Name>
	</NAME>
	<NAME>
		<uiIndex>15</uiIndex>
		<Name>Igor</Name>
	</NAME>
	<NAME>
		<uiIndex>16</uiIndex>
		<Name>Shadow</Name>
	</NAME>
	<NAME>
		<uiIndex>17</uiIndex>
		<Name>Red</Name>
	</NAME>
	<NAME>
		<uiIndex>18</uiIndex>
		<Name>Reaper</Name>
	</NAME>
	<NAME>
		<uiIndex>19</uiIndex>
		<Name>Fidel</Name>
	</NAME>
	<NAME>
		<uiIndex>20</uiIndex>
		<Name>Fox</Name>
	</NAME>
	<NAME>
		<uiIndex>21</uiIndex>
		<Name>Sidney</Name>
	</NAME>
	<NAME>
		<uiIndex>22</uiIndex>
		<Name>Gus</Name>
	</NAME>
	<NAME>
		<uiIndex>23</uiIndex>
		<Name>Buns</Name>
	</NAME>
	<NAME>
		<uiIndex>24</uiIndex>
		<Name>Ice</Name>
	</NAME>
	<NAME>
		<uiIndex>25</uiIndex>
		<Name>Spider</Name>
	</NAME>
	<NAME>
		<uiIndex>26</uiIndex>
		<Name>Cliff</Name>
	</NAME>
	<NAME>
		<uiIndex>27</uiIndex>
		<Name>Bull</Name>
	</NAME>	
	<NAME>
		<uiIndex>28</uiIndex>
		<Name>Hitman</Name>
	</NAME>
	<NAME>
		<uiIndex>29</uiIndex>
		<Name>Buzz</Name>
	</NAME>
	<NAME>
		<uiIndex>30</uiIndex>
		<Name>Raider</Name>
	</NAME>
	<NAME>
		<uiIndex>31</uiIndex>
		<Name>Raven</Name>
	</NAME>
	<NAME>
		<uiIndex>32</uiIndex>
		<Name>Static</Name>
	</NAME>		
	<NAME>
		<uiIndex>33</uiIndex>
		<Name>Len</Name>
	</NAME>
	<NAME>
		<uiIndex>34</uiIndex>
		<Name>Danny</Name>
	</NAME>	
	<NAME>
		<uiIndex>35</uiIndex>
		<Name>Magic</Name>
	</NAME>	
	<NAME>
		<uiIndex>36</uiIndex>
		<Name>Stephen</Name>
	</NAME>
	<NAME>
		<uiIndex>37</uiIndex>
		<Name>Scully</Name>
	</NAME>
	<NAME>
		<uiIndex>38</uiIndex>
		<Name>Malice</Name>
	</NAME>

	<NAME>
		<uiIndex>39</uiIndex>
		<Name>Dr.Q</Name>
	</NAME>
	<NAME>
		<uiIndex>40</uiIndex>
		<Name>Nails</Name>
	</NAME>
	<NAME>
		<uiIndex>41</uiIndex>
		<Name>Thor</Name>
	</NAME>
	<NAME>
		<uiIndex>42</uiIndex>
		<Name>Scope</Name>
	</NAME>
	<NAME>
		<uiIndex>43</uiIndex>
		<Name>Wolf</Name>
	</NAME>
	<NAME>
		<uiIndex>44</uiIndex>
		<Name>MD</Name>
	</NAME>
	<NAME>
		<uiIndex>45</uiIndex>
		<Name>Meltdown</Name>
	</NAME>
	<NAME>
		<uiIndex>46</uiIndex>
		<Name>M.I.S. Insurance</Name>
	</NAME>
	<NAME>
		<uiIndex>47</uiIndex>
		<Name>Bobby Rays</Name>
	</NAME>	
	<NAME>
		<uiIndex>48</uiIndex>
		<Name>Kingpin</Name>
	</NAME>
	<NAME>
		<uiIndex>49</uiIndex>
		<Name>John Kulba</Name>
	</NAME>
	<NAME>
		<uiIndex>50</uiIndex>
		<Name>A.I.M.</Name>
	</NAME>
	<NAME>
		<uiIndex>51</uiIndex>
		<Name>Monk</Name>
	</NAME>
	<NAME>
		<uiIndex>52</uiIndex>
		<Name>Brain</Name>
	</NAME>
	<NAME>
		<uiIndex>53</uiIndex>
		<Name>Scream</Name>
	</NAME>
	<NAME>
		<uiIndex>54</uiIndex>
		<Name>Henning</Name>
	</NAME>
	<NAME>
		<uiIndex>55</uiIndex>
		<Name>Lucky</Name>
	</NAME>
	<NAME>
		<uiIndex>56</uiIndex>
		<Name>Laura</Name>
	</NAME>
	<NAME>
		<uiIndex>57</uiIndex>
		<Name>Grace</Name>
	</NAME>
	<NAME>
		<uiIndex>58</uiIndex>
		<Name>Rudolf</Name>
	</NAME>
</SENDER_LIST>