<!--

In this file you can define, which mercs should be available on AIM website.
This works for USE_PROFILE_DATA_FROM_XML = TRUE (using MercProfiles.xml) and FALSE (using BinaryData\Prof*.dat), but with FALSE, only the first 40 entries in this file will be used.
Important: When USE_PROFILE_DATA_FROM_XML = FALSE, you can only remove mercs from AIM and cannot add new mercs to AIM.

	uiIndex (0 - 254): 		Do not delete any entries from the file.

	ProfileId (0 - 254):	Set this value to the matching profile from prof.dat/MercProfiles.xml. You should add the profile on the correct uiIndex (uiIndex = ProfileId)!
							Set this value to -1, and the merc will not be available in AIM.

	AimBioID: 				The matching record in BinaryData\AIMBIOS.EDT file
							Set the value to -1, when no AIMBios entry is available for the merc.

-->

<AIM_AVAILABLES>
	<AIM>
		<uiIndex>0</uiIndex>
		<ProfilId>-1</ProfilId>
		<AimBioID>-1</AimBioID>
	</AIM>
	<AIM>
		<uiIndex>1</uiIndex>
		<ProfilId>-1</ProfilId>
		<AimBioID>-1</AimBioID>
	</AIM>
	<AIM>
		<uiIndex>2</uiIndex>
		<ProfilId>-1</ProfilId>
		<AimBioID>-1</AimBioID>
	</AIM>
	<AIM>
		<uiIndex>3</uiIndex>
		<ProfilId>3</ProfilId>
		<AimBioID>3</AimBioID>
	</AIM>
	<AIM>
		<uiIndex>4</uiIndex>
		<ProfilId>-1</ProfilId>
		<AimBioID>-1</AimBioID>
	</AIM>
	<AIM>
		<uiIndex>5</uiIndex>
		<ProfilId>-1</ProfilId>
		<AimBioID>-1</AimBioID>
	</AIM>
	<AIM>
		<uiIndex>6</uiIndex>
		<ProfilId>-1</ProfilId>
		<AimBioID>-1</AimBioID>
	</AIM>
	<AIM>
		<uiIndex>7</uiIndex>
		<ProfilId>-1</ProfilId>
		<AimBioID>-1</AimBioID>
	</AIM>
	<AIM>
		<uiIndex>8</uiIndex>
		<ProfilId>-1</ProfilId>
		<AimBioID>-1</AimBioID>
	</AIM>
	<AIM>
		<uiIndex>9</uiIndex>
		<ProfilId>-1</ProfilId>
		<AimBioID>-1</AimBioID>
	</AIM>
	<AIM>
		<uiIndex>10</uiIndex>
		<ProfilId>-1</ProfilId>
		<AimBioID>-1</AimBioID>
	</AIM>
	<AIM>
		<uiIndex>11</uiIndex>
		<ProfilId>-1</ProfilId>
		<AimBioID>-1</AimBioID>
	</AIM>
	<AIM>
		<uiIndex>12</uiIndex>
		<ProfilId>-1</ProfilId>
		<AimBioID>-1</AimBioID>
	</AIM>
	<AIM>
		<uiIndex>13</uiIndex>
		<ProfilId>-1</ProfilId>
		<AimBioID>-1</AimBioID>
	</AIM>
	<AIM>
		<uiIndex>14</uiIndex>
		<ProfilId>14</ProfilId>
		<AimBioID>14</AimBioID>
	</AIM>
	<AIM>
		<uiIndex>15</uiIndex>
		<ProfilId>-1</ProfilId>
		<AimBioID>-1</AimBioID>
	</AIM>
	<AIM>
		<uiIndex>16</uiIndex>
		<ProfilId>-1</ProfilId>
		<AimBioID>-1</AimBioID>
	</AIM>
	<AIM>
		<uiIndex>17</uiIndex>
		<ProfilId>-1</ProfilId>
		<AimBioID>-1</AimBioID>
	</AIM>
	<AIM>
		<uiIndex>18</uiIndex>
		<ProfilId>-1</ProfilId>
		<AimBioID>-1</AimBioID>
	</AIM>
	<AIM>
		<uiIndex>19</uiIndex>
		<ProfilId>-1</ProfilId>
		<AimBioID>-1</AimBioID>
	</AIM>
	<AIM>
		<uiIndex>20</uiIndex>
		<ProfilId>-1</ProfilId>
		<AimBioID>-1</AimBioID>
	</AIM>
	<AIM>
		<uiIndex>21</uiIndex>
		<ProfilId>-1</ProfilId>
		<AimBioID>-1</AimBioID>
	</AIM>
	<AIM>
		<uiIndex>22</uiIndex>
		<ProfilId>-1</ProfilId>
		<AimBioID>-1</AimBioID>
	</AIM>
	<AIM>
		<uiIndex>23</uiIndex>
		<ProfilId>-1</ProfilId>
		<AimBioID>-1</AimBioID>
	</AIM>
	<AIM>
		<uiIndex>24</uiIndex>
		<ProfilId>-1</ProfilId>
		<AimBioID>-1</AimBioID>
	</AIM>
	<AIM>
		<uiIndex>25</uiIndex>
		<ProfilId>-1</ProfilId>
		<AimBioID>-1</AimBioID>
	</AIM>
	<AIM>
		<uiIndex>26</uiIndex>
		<ProfilId>-1</ProfilId>
		<AimBioID>-1</AimBioID>
	</AIM>
	<AIM>
		<uiIndex>27</uiIndex>
		<ProfilId>-1</ProfilId>
		<AimBioID>-1</AimBioID>
	</AIM>
	<AIM>
		<uiIndex>28</uiIndex>
		<ProfilId>-1</ProfilId>
		<AimBioID>-1</AimBioID>
	</AIM>
	<AIM>
		<uiIndex>29</uiIndex>
		<ProfilId>-1</ProfilId>
		<AimBioID>-1</AimBioID>
	</AIM>
	<AIM>
		<uiIndex>30</uiIndex>
		<ProfilId>-1</ProfilId>
		<AimBioID>-1</AimBioID>
	</AIM>
	<AIM>
		<uiIndex>31</uiIndex>
		<ProfilId>-1</ProfilId>
		<AimBioID>-1</AimBioID>
	</AIM>
	<AIM>
		<uiIndex>32</uiIndex>
		<ProfilId>-1</ProfilId>
		<AimBioID>-1</AimBioID>
	</AIM>
	<AIM>
		<uiIndex>33</uiIndex>
		<ProfilId>-1</ProfilId>
		<AimBioID>-1</AimBioID>
	</AIM>
	<AIM>
		<uiIndex>34</uiIndex>
		<ProfilId>-1</ProfilId>
		<AimBioID>-1</AimBioID>
	</AIM>
	<AIM>
		<uiIndex>35</uiIndex>
		<ProfilId>-1</ProfilId>
		<AimBioID>-1</AimBioID>
	</AIM>
	<AIM>
		<uiIndex>36</uiIndex>
		<ProfilId>-1</ProfilId>
		<AimBioID>-1</AimBioID>
	</AIM>
	<AIM>
		<uiIndex>37</uiIndex>
		<ProfilId>-1</ProfilId>
		<AimBioID>-1</AimBioID>
	</AIM>
	<AIM>
		<uiIndex>38</uiIndex>
		<ProfilId>-1</ProfilId>
		<AimBioID>-1</AimBioID>
	</AIM>
	<AIM>
		<uiIndex>39</uiIndex>
		<ProfilId>-1</ProfilId>
		<AimBioID>-1</AimBioID>
	</AIM>
	<AIM>
		<uiIndex>40</uiIndex>
		<ProfilId>-1</ProfilId>
		<AimBioID>-1</AimBioID>
	</AIM>
	<AIM>
		<uiIndex>41</uiIndex>
		<ProfilId>-1</ProfilId>
		<AimBioID>-1</AimBioID>
	</AIM>
	<AIM>
		<uiIndex>42</uiIndex>
		<ProfilId>-1</ProfilId>
		<AimBioID>-1</AimBioID>
	</AIM>
	<AIM>
		<uiIndex>43</uiIndex>
		<ProfilId>-1</ProfilId>
		<AimBioID>-1</AimBioID>
	</AIM>
	<AIM>
		<uiIndex>44</uiIndex>
		<ProfilId>-1</ProfilId>
		<AimBioID>-1</AimBioID>
	</AIM>
	<AIM>
		<uiIndex>45</uiIndex>
		<ProfilId>-1</ProfilId>
		<AimBioID>-1</AimBioID>
	</AIM>
	<AIM>
		<uiIndex>46</uiIndex>
		<ProfilId>-1</ProfilId>
		<AimBioID>-1</AimBioID>
	</AIM>
	<AIM>
		<uiIndex>47</uiIndex>
		<ProfilId>-1</ProfilId>
		<AimBioID>-1</AimBioID>
	</AIM>
	<AIM>
		<uiIndex>48</uiIndex>
		<ProfilId>-1</ProfilId>
		<AimBioID>-1</AimBioID>
	</AIM>
	<AIM>
		<uiIndex>49</uiIndex>
		<ProfilId>-1</ProfilId>
		<AimBioID>-1</AimBioID>
	</AIM>
	<AIM>
		<uiIndex>50</uiIndex>
		<ProfilId>-1</ProfilId>
		<AimBioID>-1</AimBioID>
	</AIM>
	<AIM>
		<uiIndex>51</uiIndex>
		<ProfilId>-1</ProfilId>
		<AimBioID>-1</AimBioID>
	</AIM>
	<AIM>
		<uiIndex>52</uiIndex>
		<ProfilId>-1</ProfilId>
		<AimBioID>-1</AimBioID>
	</AIM>
	<AIM>
		<uiIndex>53</uiIndex>
		<ProfilId>-1</ProfilId>
		<AimBioID>-1</AimBioID>
	</AIM>
	<AIM>
		<uiIndex>54</uiIndex>
		<ProfilId>-1</ProfilId>
		<AimBioID>-1</AimBioID>
	</AIM>
	<AIM>
		<uiIndex>55</uiIndex>
		<ProfilId>-1</ProfilId>
		<AimBioID>-1</AimBioID>
	</AIM>
	<AIM>
		<uiIndex>56</uiIndex>
		<ProfilId>-1</ProfilId>
		<AimBioID>-1</AimBioID>
	</AIM>
	<AIM>
		<uiIndex>57</uiIndex>
		<ProfilId>-1</ProfilId>
		<AimBioID>-1</AimBioID>
	</AIM>
	<AIM>
		<uiIndex>58</uiIndex>
		<ProfilId>-1</ProfilId>
		<AimBioID>-1</AimBioID>
	</AIM>
	<AIM>
		<uiIndex>59</uiIndex>
		<ProfilId>-1</ProfilId>
		<AimBioID>-1</AimBioID>
	</AIM>
	<AIM>
		<uiIndex>60</uiIndex>
		<ProfilId>-1</ProfilId>
		<AimBioID>-1</AimBioID>
	</AIM>
	<AIM>
		<uiIndex>61</uiIndex>
		<ProfilId>-1</ProfilId>
		<AimBioID>-1</AimBioID>
	</AIM>
	<AIM>
		<uiIndex>62</uiIndex>
		<ProfilId>-1</ProfilId>
		<AimBioID>-1</AimBioID>
	</AIM>
	<AIM>
		<uiIndex>63</uiIndex>
		<ProfilId>-1</ProfilId>
		<AimBioID>-1</AimBioID>
	</AIM>
	<AIM>
		<uiIndex>64</uiIndex>
		<ProfilId>-1</ProfilId>
		<AimBioID>-1</AimBioID>
	</AIM>
	<AIM>
		<uiIndex>65</uiIndex>
		<ProfilId>-1</ProfilId>
		<AimBioID>-1</AimBioID>
	</AIM>
	<AIM>
		<uiIndex>66</uiIndex>
		<ProfilId>-1</ProfilId>
		<AimBioID>-1</AimBioID>
	</AIM>
	<AIM>
		<uiIndex>67</uiIndex>
		<ProfilId>-1</ProfilId>
		<AimBioID>-1</AimBioID>
	</AIM>
	<AIM>
		<uiIndex>68</uiIndex>
		<ProfilId>-1</ProfilId>
		<AimBioID>-1</AimBioID>
	</AIM>
	<AIM>
		<uiIndex>69</uiIndex>
		<ProfilId>-1</ProfilId>
		<AimBioID>-1</AimBioID>
	</AIM>
	<AIM>
		<uiIndex>70</uiIndex>
		<ProfilId>-1</ProfilId>
		<AimBioID>-1</AimBioID>
	</AIM>
	<AIM>
		<uiIndex>71</uiIndex>
		<ProfilId>-1</ProfilId>
		<AimBioID>-1</AimBioID>
	</AIM>
	<AIM>
		<uiIndex>72</uiIndex>
		<ProfilId>-1</ProfilId>
		<AimBioID>-1</AimBioID>
	</AIM>
	<AIM>
		<uiIndex>73</uiIndex>
		<ProfilId>-1</ProfilId>
		<AimBioID>-1</AimBioID>
	</AIM>
	<AIM>
		<uiIndex>74</uiIndex>
		<ProfilId>-1</ProfilId>
		<AimBioID>-1</AimBioID>
	</AIM>
	<AIM>
		<uiIndex>75</uiIndex>
		<ProfilId>-1</ProfilId>
		<AimBioID>-1</AimBioID>
	</AIM>
	<AIM>
		<uiIndex>76</uiIndex>
		<ProfilId>-1</ProfilId>
		<AimBioID>-1</AimBioID>
	</AIM>
	<AIM>
		<uiIndex>77</uiIndex>
		<ProfilId>-1</ProfilId>
		<AimBioID>-1</AimBioID>
	</AIM>
	<AIM>
		<uiIndex>78</uiIndex>
		<ProfilId>-1</ProfilId>
		<AimBioID>-1</AimBioID>
	</AIM>
	<AIM>
		<uiIndex>79</uiIndex>
		<ProfilId>-1</ProfilId>
		<AimBioID>-1</AimBioID>
	</AIM>
	<AIM>
		<uiIndex>80</uiIndex>
		<ProfilId>-1</ProfilId>
		<AimBioID>-1</AimBioID>
	</AIM>
	<AIM>
		<uiIndex>81</uiIndex>
		<ProfilId>-1</ProfilId>
		<AimBioID>-1</AimBioID>
	</AIM>
	<AIM>
		<uiIndex>82</uiIndex>
		<ProfilId>-1</ProfilId>
		<AimBioID>-1</AimBioID>
	</AIM>
	<AIM>
		<uiIndex>83</uiIndex>
		<ProfilId>-1</ProfilId>
		<AimBioID>-1</AimBioID>
	</AIM>
	<AIM>
		<uiIndex>84</uiIndex>
		<ProfilId>-1</ProfilId>
		<AimBioID>-1</AimBioID>
	</AIM>
	<AIM>
		<uiIndex>85</uiIndex>
		<ProfilId>-1</ProfilId>
		<AimBioID>-1</AimBioID>
	</AIM>
	<AIM>
		<uiIndex>86</uiIndex>
		<ProfilId>-1</ProfilId>
		<AimBioID>-1</AimBioID>
	</AIM>
	<AIM>
		<uiIndex>87</uiIndex>
		<ProfilId>-1</ProfilId>
		<AimBioID>-1</AimBioID>
	</AIM>
	<AIM>
		<uiIndex>88</uiIndex>
		<ProfilId>-1</ProfilId>
		<AimBioID>-1</AimBioID>
	</AIM>
	<AIM>
		<uiIndex>89</uiIndex>
		<ProfilId>-1</ProfilId>
		<AimBioID>-1</AimBioID>
	</AIM>
	<AIM>
		<uiIndex>90</uiIndex>
		<ProfilId>-1</ProfilId>
		<AimBioID>-1</AimBioID>
	</AIM>
	<AIM>
		<uiIndex>91</uiIndex>
		<ProfilId>-1</ProfilId>
		<AimBioID>-1</AimBioID>
	</AIM>
	<AIM>
		<uiIndex>92</uiIndex>
		<ProfilId>-1</ProfilId>
		<AimBioID>-1</AimBioID>
	</AIM>
	<AIM>
		<uiIndex>93</uiIndex>
		<ProfilId>-1</ProfilId>
		<AimBioID>-1</AimBioID>
	</AIM>
	<AIM>
		<uiIndex>94</uiIndex>
		<ProfilId>-1</ProfilId>
		<AimBioID>-1</AimBioID>
	</AIM>
	<AIM>
		<uiIndex>95</uiIndex>
		<ProfilId>-1</ProfilId>
		<AimBioID>-1</AimBioID>
	</AIM>
	<AIM>
		<uiIndex>96</uiIndex>
		<ProfilId>-1</ProfilId>
		<AimBioID>-1</AimBioID>
	</AIM>
	<AIM>
		<uiIndex>97</uiIndex>
		<ProfilId>-1</ProfilId>
		<AimBioID>-1</AimBioID>
	</AIM>
	<AIM>
		<uiIndex>98</uiIndex>
		<ProfilId>-1</ProfilId>
		<AimBioID>-1</AimBioID>
	</AIM>
	<AIM>
		<uiIndex>99</uiIndex>
		<ProfilId>-1</ProfilId>
		<AimBioID>-1</AimBioID>
	</AIM>
	<AIM>
		<uiIndex>100</uiIndex>
		<ProfilId>-1</ProfilId>
		<AimBioID>-1</AimBioID>
	</AIM>
	<AIM>
		<uiIndex>101</uiIndex>
		<ProfilId>-1</ProfilId>
		<AimBioID>-1</AimBioID>
	</AIM>
	<AIM>
		<uiIndex>102</uiIndex>
		<ProfilId>-1</ProfilId>
		<AimBioID>-1</AimBioID>
	</AIM>
	<AIM>
		<uiIndex>103</uiIndex>
		<ProfilId>-1</ProfilId>
		<AimBioID>-1</AimBioID>
	</AIM>
	<AIM>
		<uiIndex>104</uiIndex>
		<ProfilId>-1</ProfilId>
		<AimBioID>-1</AimBioID>
	</AIM>
	<AIM>
		<uiIndex>105</uiIndex>
		<ProfilId>-1</ProfilId>
		<AimBioID>-1</AimBioID>
	</AIM>
	<AIM>
		<uiIndex>106</uiIndex>
		<ProfilId>-1</ProfilId>
		<AimBioID>-1</AimBioID>
	</AIM>
	<AIM>
		<uiIndex>107</uiIndex>
		<ProfilId>-1</ProfilId>
		<AimBioID>-1</AimBioID>
	</AIM>
	<AIM>
		<uiIndex>108</uiIndex>
		<ProfilId>-1</ProfilId>
		<AimBioID>-1</AimBioID>
	</AIM>
	<AIM>
		<uiIndex>109</uiIndex>
		<ProfilId>-1</ProfilId>
		<AimBioID>-1</AimBioID>
	</AIM>
	<AIM>
		<uiIndex>110</uiIndex>
		<ProfilId>-1</ProfilId>
		<AimBioID>-1</AimBioID>
	</AIM>
	<AIM>
		<uiIndex>111</uiIndex>
		<ProfilId>-1</ProfilId>
		<AimBioID>-1</AimBioID>
	</AIM>
	<AIM>
		<uiIndex>112</uiIndex>
		<ProfilId>-1</ProfilId>
		<AimBioID>-1</AimBioID>
	</AIM>
	<AIM>
		<uiIndex>113</uiIndex>
		<ProfilId>-1</ProfilId>
		<AimBioID>-1</AimBioID>
	</AIM>
	<AIM>
		<uiIndex>114</uiIndex>
		<ProfilId>-1</ProfilId>
		<AimBioID>-1</AimBioID>
	</AIM>
	<AIM>
		<uiIndex>115</uiIndex>
		<ProfilId>-1</ProfilId>
		<AimBioID>-1</AimBioID>
	</AIM>
	<AIM>
		<uiIndex>116</uiIndex>
		<ProfilId>-1</ProfilId>
		<AimBioID>-1</AimBioID>
	</AIM>
	<AIM>
		<uiIndex>117</uiIndex>
		<ProfilId>-1</ProfilId>
		<AimBioID>-1</AimBioID>
	</AIM>
	<AIM>
		<uiIndex>118</uiIndex>
		<ProfilId>-1</ProfilId>
		<AimBioID>-1</AimBioID>
	</AIM>
	<AIM>
		<uiIndex>119</uiIndex>
		<ProfilId>-1</ProfilId>
		<AimBioID>-1</AimBioID>
	</AIM>
	<AIM>
		<uiIndex>120</uiIndex>
		<ProfilId>-1</ProfilId>
		<AimBioID>-1</AimBioID>
	</AIM>
	<AIM>
		<uiIndex>121</uiIndex>
		<ProfilId>-1</ProfilId>
		<AimBioID>-1</AimBioID>
	</AIM>
	<AIM>
		<uiIndex>122</uiIndex>
		<ProfilId>-1</ProfilId>
		<AimBioID>-1</AimBioID>
	</AIM>
	<AIM>
		<uiIndex>123</uiIndex>
		<ProfilId>-1</ProfilId>
		<AimBioID>-1</AimBioID>
	</AIM>
	<AIM>
		<uiIndex>124</uiIndex>
		<ProfilId>-1</ProfilId>
		<AimBioID>-1</AimBioID>
	</AIM>
	<AIM>
		<uiIndex>125</uiIndex>
		<ProfilId>-1</ProfilId>
		<AimBioID>-1</AimBioID>
	</AIM>
	<AIM>
		<uiIndex>126</uiIndex>
		<ProfilId>-1</ProfilId>
		<AimBioID>-1</AimBioID>
	</AIM>
	<AIM>
		<uiIndex>127</uiIndex>
		<ProfilId>-1</ProfilId>
		<AimBioID>-1</AimBioID>
	</AIM>
	<AIM>
		<uiIndex>128</uiIndex>
		<ProfilId>-1</ProfilId>
		<AimBioID>-1</AimBioID>
	</AIM>
	<AIM>
		<uiIndex>129</uiIndex>
		<ProfilId>-1</ProfilId>
		<AimBioID>-1</AimBioID>
	</AIM>
	<AIM>
		<uiIndex>130</uiIndex>
		<ProfilId>-1</ProfilId>
		<AimBioID>-1</AimBioID>
	</AIM>
	<AIM>
		<uiIndex>131</uiIndex>
		<ProfilId>-1</ProfilId>
		<AimBioID>-1</AimBioID>
	</AIM>
	<AIM>
		<uiIndex>132</uiIndex>
		<ProfilId>-1</ProfilId>
		<AimBioID>-1</AimBioID>
	</AIM>
	<AIM>
		<uiIndex>133</uiIndex>
		<ProfilId>-1</ProfilId>
		<AimBioID>-1</AimBioID>
	</AIM>
	<AIM>
		<uiIndex>134</uiIndex>
		<ProfilId>-1</ProfilId>
		<AimBioID>-1</AimBioID>
	</AIM>
	<AIM>
		<uiIndex>135</uiIndex>
		<ProfilId>-1</ProfilId>
		<AimBioID>-1</AimBioID>
	</AIM>
	<AIM>
		<uiIndex>136</uiIndex>
		<ProfilId>-1</ProfilId>
		<AimBioID>-1</AimBioID>
	</AIM>
	<AIM>
		<uiIndex>137</uiIndex>
		<ProfilId>-1</ProfilId>
		<AimBioID>-1</AimBioID>
	</AIM>
	<AIM>
		<uiIndex>138</uiIndex>
		<ProfilId>-1</ProfilId>
		<AimBioID>-1</AimBioID>
	</AIM>
	<AIM>
		<uiIndex>139</uiIndex>
		<ProfilId>-1</ProfilId>
		<AimBioID>-1</AimBioID>
	</AIM>
	<AIM>
		<uiIndex>140</uiIndex>
		<ProfilId>-1</ProfilId>
		<AimBioID>-1</AimBioID>
	</AIM>
	<AIM>
		<uiIndex>141</uiIndex>
		<ProfilId>-1</ProfilId>
		<AimBioID>-1</AimBioID>
	</AIM>
	<AIM>
		<uiIndex>142</uiIndex>
		<ProfilId>-1</ProfilId>
		<AimBioID>-1</AimBioID>
	</AIM>
	<AIM>
		<uiIndex>143</uiIndex>
		<ProfilId>-1</ProfilId>
		<AimBioID>-1</AimBioID>
	</AIM>
	<AIM>
		<uiIndex>144</uiIndex>
		<ProfilId>-1</ProfilId>
		<AimBioID>-1</AimBioID>
	</AIM>
	<AIM>
		<uiIndex>145</uiIndex>
		<ProfilId>-1</ProfilId>
		<AimBioID>-1</AimBioID>
	</AIM>
	<AIM>
		<uiIndex>146</uiIndex>
		<ProfilId>-1</ProfilId>
		<AimBioID>-1</AimBioID>
	</AIM>
	<AIM>
		<uiIndex>147</uiIndex>
		<ProfilId>-1</ProfilId>
		<AimBioID>-1</AimBioID>
	</AIM>
	<AIM>
		<uiIndex>148</uiIndex>
		<ProfilId>-1</ProfilId>
		<AimBioID>-1</AimBioID>
	</AIM>
	<AIM>
		<uiIndex>149</uiIndex>
		<ProfilId>-1</ProfilId>
		<AimBioID>-1</AimBioID>
	</AIM>
	<AIM>
		<uiIndex>150</uiIndex>
		<ProfilId>-1</ProfilId>
		<AimBioID>-1</AimBioID>
	</AIM>
	<AIM>
		<uiIndex>151</uiIndex>
		<ProfilId>-1</ProfilId>
		<AimBioID>-1</AimBioID>
	</AIM>
	<AIM>
		<uiIndex>152</uiIndex>
		<ProfilId>-1</ProfilId>
		<AimBioID>-1</AimBioID>
	</AIM>
	<AIM>
		<uiIndex>153</uiIndex>
		<ProfilId>-1</ProfilId>
		<AimBioID>-1</AimBioID>
	</AIM>
	<AIM>
		<uiIndex>154</uiIndex>
		<ProfilId>-1</ProfilId>
		<AimBioID>-1</AimBioID>
	</AIM>
	<AIM>
		<uiIndex>155</uiIndex>
		<ProfilId>-1</ProfilId>
		<AimBioID>-1</AimBioID>
	</AIM>
	<AIM>
		<uiIndex>156</uiIndex>
		<ProfilId>-1</ProfilId>
		<AimBioID>-1</AimBioID>
	</AIM>
	<AIM>
		<uiIndex>157</uiIndex>
		<ProfilId>-1</ProfilId>
		<AimBioID>-1</AimBioID>
	</AIM>
	<AIM>
		<uiIndex>158</uiIndex>
		<ProfilId>-1</ProfilId>
		<AimBioID>-1</AimBioID>
	</AIM>
	<AIM>
		<uiIndex>159</uiIndex>
		<ProfilId>-1</ProfilId>
		<AimBioID>-1</AimBioID>
	</AIM>
	<AIM>
		<uiIndex>160</uiIndex>
		<ProfilId>-1</ProfilId>
		<AimBioID>-1</AimBioID>
	</AIM>
	<AIM>
		<uiIndex>161</uiIndex>
		<ProfilId>-1</ProfilId>
		<AimBioID>-1</AimBioID>
	</AIM>
	<AIM>
		<uiIndex>162</uiIndex>
		<ProfilId>-1</ProfilId>
		<AimBioID>-1</AimBioID>
	</AIM>
	<AIM>
		<uiIndex>163</uiIndex>
		<ProfilId>-1</ProfilId>
		<AimBioID>-1</AimBioID>
	</AIM>
	<AIM>
		<uiIndex>164</uiIndex>
		<ProfilId>-1</ProfilId>
		<AimBioID>-1</AimBioID>
	</AIM>
	<AIM>
		<uiIndex>165</uiIndex>
		<ProfilId>-1</ProfilId>
		<AimBioID>-1</AimBioID>
	</AIM>
	<AIM>
		<uiIndex>166</uiIndex>
		<ProfilId>-1</ProfilId>
		<AimBioID>-1</AimBioID>
	</AIM>
	<AIM>
		<uiIndex>167</uiIndex>
		<ProfilId>-1</ProfilId>
		<AimBioID>-1</AimBioID>
	</AIM>
	<AIM>
		<uiIndex>168</uiIndex>
		<ProfilId>-1</ProfilId>
		<AimBioID>-1</AimBioID>
	</AIM>
	<AIM>
		<uiIndex>169</uiIndex>
		<ProfilId>-1</ProfilId>
		<AimBioID>-1</AimBioID>
	</AIM>
	<AIM>
		<uiIndex>170</uiIndex>
		<ProfilId>-1</ProfilId>
		<AimBioID>-1</AimBioID>
	</AIM>
	<AIM>
		<uiIndex>171</uiIndex>
		<ProfilId>-1</ProfilId>
		<AimBioID>-1</AimBioID>
	</AIM>
	<AIM>
		<uiIndex>172</uiIndex>
		<ProfilId>-1</ProfilId>
		<AimBioID>-1</AimBioID>
	</AIM>
	<AIM>
		<uiIndex>173</uiIndex>
		<ProfilId>-1</ProfilId>
		<AimBioID>-1</AimBioID>
	</AIM>
	<AIM>
		<uiIndex>174</uiIndex>
		<ProfilId>-1</ProfilId>
		<AimBioID>-1</AimBioID>
	</AIM>
	<AIM>
		<uiIndex>175</uiIndex>
		<ProfilId>-1</ProfilId>
		<AimBioID>-1</AimBioID>
	</AIM>
	<AIM>
		<uiIndex>176</uiIndex>
		<ProfilId>-1</ProfilId>
		<AimBioID>-1</AimBioID>
	</AIM>
	<AIM>
		<uiIndex>177</uiIndex>
		<ProfilId>-1</ProfilId>
		<AimBioID>-1</AimBioID>
	</AIM>
	<AIM>
		<uiIndex>178</uiIndex>
		<ProfilId>-1</ProfilId>
		<AimBioID>-1</AimBioID>
	</AIM>
	<AIM>
		<uiIndex>179</uiIndex>
		<ProfilId>-1</ProfilId>
		<AimBioID>-1</AimBioID>
	</AIM>
	<AIM>
		<uiIndex>180</uiIndex>
		<ProfilId>-1</ProfilId>
		<AimBioID>-1</AimBioID>
	</AIM>
	<AIM>
		<uiIndex>181</uiIndex>
		<ProfilId>-1</ProfilId>
		<AimBioID>-1</AimBioID>
	</AIM>
	<AIM>
		<uiIndex>182</uiIndex>
		<ProfilId>-1</ProfilId>
		<AimBioID>-1</AimBioID>
	</AIM>
	<AIM>
		<uiIndex>183</uiIndex>
		<ProfilId>-1</ProfilId>
		<AimBioID>-1</AimBioID>
	</AIM>
	<AIM>
		<uiIndex>184</uiIndex>
		<ProfilId>-1</ProfilId>
		<AimBioID>-1</AimBioID>
	</AIM>
	<AIM>
		<uiIndex>185</uiIndex>
		<ProfilId>-1</ProfilId>
		<AimBioID>-1</AimBioID>
	</AIM>
	<AIM>
		<uiIndex>186</uiIndex>
		<ProfilId>-1</ProfilId>
		<AimBioID>-1</AimBioID>
	</AIM>
	<AIM>
		<uiIndex>187</uiIndex>
		<ProfilId>-1</ProfilId>
		<AimBioID>-1</AimBioID>
	</AIM>
	<AIM>
		<uiIndex>188</uiIndex>
		<ProfilId>-1</ProfilId>
		<AimBioID>-1</AimBioID>
	</AIM>
	<AIM>
		<uiIndex>189</uiIndex>
		<ProfilId>-1</ProfilId>
		<AimBioID>-1</AimBioID>
	</AIM>
	<AIM>
		<uiIndex>190</uiIndex>
		<ProfilId>-1</ProfilId>
		<AimBioID>-1</AimBioID>
	</AIM>
	<AIM>
		<uiIndex>191</uiIndex>
		<ProfilId>-1</ProfilId>
		<AimBioID>-1</AimBioID>
	</AIM>
	<AIM>
		<uiIndex>192</uiIndex>
		<ProfilId>-1</ProfilId>
		<AimBioID>-1</AimBioID>
	</AIM>
	<AIM>
		<uiIndex>193</uiIndex>
		<ProfilId>-1</ProfilId>
		<AimBioID>-1</AimBioID>
	</AIM>
	<AIM>
		<uiIndex>194</uiIndex>
		<ProfilId>-1</ProfilId>
		<AimBioID>-1</AimBioID>
	</AIM>
	<AIM>
		<uiIndex>195</uiIndex>
		<ProfilId>-1</ProfilId>
		<AimBioID>-1</AimBioID>
	</AIM>
	<AIM>
		<uiIndex>196</uiIndex>
		<ProfilId>-1</ProfilId>
		<AimBioID>-1</AimBioID>
	</AIM>
	<AIM>
		<uiIndex>197</uiIndex>
		<ProfilId>-1</ProfilId>
		<AimBioID>-1</AimBioID>
	</AIM>
	<AIM>
		<uiIndex>198</uiIndex>
		<ProfilId>-1</ProfilId>
		<AimBioID>-1</AimBioID>
	</AIM>
	<AIM>
		<uiIndex>199</uiIndex>
		<ProfilId>-1</ProfilId>
		<AimBioID>-1</AimBioID>
	</AIM>
	<AIM>
		<uiIndex>200</uiIndex>
		<ProfilId>-1</ProfilId>
		<AimBioID>-1</AimBioID>
	</AIM>
	<AIM>
		<uiIndex>201</uiIndex>
		<ProfilId>-1</ProfilId>
		<AimBioID>-1</AimBioID>
	</AIM>
	<AIM>
		<uiIndex>202</uiIndex>
		<ProfilId>-1</ProfilId>
		<AimBioID>-1</AimBioID>
	</AIM>
	<AIM>
		<uiIndex>203</uiIndex>
		<ProfilId>-1</ProfilId>
		<AimBioID>-1</AimBioID>
	</AIM>
	<AIM>
		<uiIndex>204</uiIndex>
		<ProfilId>-1</ProfilId>
		<AimBioID>-1</AimBioID>
	</AIM>
	<AIM>
		<uiIndex>205</uiIndex>
		<ProfilId>-1</ProfilId>
		<AimBioID>-1</AimBioID>
	</AIM>
	<AIM>
		<uiIndex>206</uiIndex>
		<ProfilId>-1</ProfilId>
		<AimBioID>-1</AimBioID>
	</AIM>
	<AIM>
		<uiIndex>207</uiIndex>
		<ProfilId>-1</ProfilId>
		<AimBioID>-1</AimBioID>
	</AIM>
	<AIM>
		<uiIndex>208</uiIndex>
		<ProfilId>-1</ProfilId>
		<AimBioID>-1</AimBioID>
	</AIM>
	<AIM>
		<uiIndex>209</uiIndex>
		<ProfilId>-1</ProfilId>
		<AimBioID>-1</AimBioID>
	</AIM>
	<AIM>
		<uiIndex>210</uiIndex>
		<ProfilId>-1</ProfilId>
		<AimBioID>-1</AimBioID>
	</AIM>
	<AIM>
		<uiIndex>211</uiIndex>
		<ProfilId>-1</ProfilId>
		<AimBioID>-1</AimBioID>
	</AIM>
	<AIM>
		<uiIndex>212</uiIndex>
		<ProfilId>-1</ProfilId>
		<AimBioID>-1</AimBioID>
	</AIM>
	<AIM>
		<uiIndex>213</uiIndex>
		<ProfilId>-1</ProfilId>
		<AimBioID>-1</AimBioID>
	</AIM>
	<AIM>
		<uiIndex>214</uiIndex>
		<ProfilId>-1</ProfilId>
		<AimBioID>-1</AimBioID>
	</AIM>
	<AIM>
		<uiIndex>215</uiIndex>
		<ProfilId>-1</ProfilId>
		<AimBioID>-1</AimBioID>
	</AIM>
	<AIM>
		<uiIndex>216</uiIndex>
		<ProfilId>-1</ProfilId>
		<AimBioID>-1</AimBioID>
	</AIM>
	<AIM>
		<uiIndex>217</uiIndex>
		<ProfilId>-1</ProfilId>
		<AimBioID>-1</AimBioID>
	</AIM>
	<AIM>
		<uiIndex>218</uiIndex>
		<ProfilId>-1</ProfilId>
		<AimBioID>-1</AimBioID>
	</AIM>
	<AIM>
		<uiIndex>219</uiIndex>
		<ProfilId>-1</ProfilId>
		<AimBioID>-1</AimBioID>
	</AIM>
	<AIM>
		<uiIndex>220</uiIndex>
		<ProfilId>-1</ProfilId>
		<AimBioID>-1</AimBioID>
	</AIM>
	<AIM>
		<uiIndex>221</uiIndex>
		<ProfilId>-1</ProfilId>
		<AimBioID>-1</AimBioID>
	</AIM>
	<AIM>
		<uiIndex>222</uiIndex>
		<ProfilId>-1</ProfilId>
		<AimBioID>-1</AimBioID>
	</AIM>
	<AIM>
		<uiIndex>223</uiIndex>
		<ProfilId>-1</ProfilId>
		<AimBioID>-1</AimBioID>
	</AIM>
	<AIM>
		<uiIndex>224</uiIndex>
		<ProfilId>-1</ProfilId>
		<AimBioID>-1</AimBioID>
	</AIM>
	<AIM>
		<uiIndex>225</uiIndex>
		<ProfilId>-1</ProfilId>
		<AimBioID>-1</AimBioID>
	</AIM>
	<AIM>
		<uiIndex>226</uiIndex>
		<ProfilId>-1</ProfilId>
		<AimBioID>-1</AimBioID>
	</AIM>
	<AIM>
		<uiIndex>227</uiIndex>
		<ProfilId>-1</ProfilId>
		<AimBioID>-1</AimBioID>
	</AIM>
	<AIM>
		<uiIndex>228</uiIndex>
		<ProfilId>-1</ProfilId>
		<AimBioID>-1</AimBioID>
	</AIM>
	<AIM>
		<uiIndex>229</uiIndex>
		<ProfilId>-1</ProfilId>
		<AimBioID>-1</AimBioID>
	</AIM>
	<AIM>
		<uiIndex>230</uiIndex>
		<ProfilId>-1</ProfilId>
		<AimBioID>-1</AimBioID>
	</AIM>
	<AIM>
		<uiIndex>231</uiIndex>
		<ProfilId>-1</ProfilId>
		<AimBioID>-1</AimBioID>
	</AIM>
	<AIM>
		<uiIndex>232</uiIndex>
		<ProfilId>-1</ProfilId>
		<AimBioID>-1</AimBioID>
	</AIM>
	<AIM>
		<uiIndex>233</uiIndex>
		<ProfilId>-1</ProfilId>
		<AimBioID>-1</AimBioID>
	</AIM>
	<AIM>
		<uiIndex>234</uiIndex>
		<ProfilId>-1</ProfilId>
		<AimBioID>-1</AimBioID>
	</AIM>
	<AIM>
		<uiIndex>235</uiIndex>
		<ProfilId>-1</ProfilId>
		<AimBioID>-1</AimBioID>
	</AIM>
	<AIM>
		<uiIndex>236</uiIndex>
		<ProfilId>-1</ProfilId>
		<AimBioID>-1</AimBioID>
	</AIM>
	<AIM>
		<uiIndex>237</uiIndex>
		<ProfilId>-1</ProfilId>
		<AimBioID>-1</AimBioID>
	</AIM>
	<AIM>
		<uiIndex>238</uiIndex>
		<ProfilId>-1</ProfilId>
		<AimBioID>-1</AimBioID>
	</AIM>
	<AIM>
		<uiIndex>239</uiIndex>
		<ProfilId>-1</ProfilId>
		<AimBioID>-1</AimBioID>
	</AIM>
	<AIM>
		<uiIndex>240</uiIndex>
		<ProfilId>-1</ProfilId>
		<AimBioID>-1</AimBioID>
	</AIM>
	<AIM>
		<uiIndex>241</uiIndex>
		<ProfilId>-1</ProfilId>
		<AimBioID>-1</AimBioID>
	</AIM>
	<AIM>
		<uiIndex>242</uiIndex>
		<ProfilId>-1</ProfilId>
		<AimBioID>-1</AimBioID>
	</AIM>
	<AIM>
		<uiIndex>243</uiIndex>
		<ProfilId>-1</ProfilId>
		<AimBioID>-1</AimBioID>
	</AIM>
	<AIM>
		<uiIndex>244</uiIndex>
		<ProfilId>-1</ProfilId>
		<AimBioID>-1</AimBioID>
	</AIM>
	<AIM>
		<uiIndex>245</uiIndex>
		<ProfilId>-1</ProfilId>
		<AimBioID>-1</AimBioID>
	</AIM>
	<AIM>
		<uiIndex>246</uiIndex>
		<ProfilId>-1</ProfilId>
		<AimBioID>-1</AimBioID>
	</AIM>
	<AIM>
		<uiIndex>247</uiIndex>
		<ProfilId>-1</ProfilId>
		<AimBioID>-1</AimBioID>
	</AIM>
	<AIM>
		<uiIndex>248</uiIndex>
		<ProfilId>-1</ProfilId>
		<AimBioID>-1</AimBioID>
	</AIM>
	<AIM>
		<uiIndex>249</uiIndex>
		<ProfilId>-1</ProfilId>
		<AimBioID>-1</AimBioID>
	</AIM>
	<AIM>
		<uiIndex>250</uiIndex>
		<ProfilId>-1</ProfilId>
		<AimBioID>-1</AimBioID>
	</AIM>
	<AIM>
		<uiIndex>251</uiIndex>
		<ProfilId>-1</ProfilId>
		<AimBioID>-1</AimBioID>
	</AIM>
	<AIM>
		<uiIndex>252</uiIndex>
		<ProfilId>-1</ProfilId>
		<AimBioID>-1</AimBioID>
	</AIM>
	<AIM>
		<uiIndex>253</uiIndex>
		<ProfilId>-1</ProfilId>
		<AimBioID>-1</AimBioID>
	</AIM>
	<AIM>
		<uiIndex>254</uiIndex>
		<ProfilId>-1</ProfilId>
		<AimBioID>-1</AimBioID>
	</AIM>
</AIM_AVAILABLES>
