﻿<?xml version="1.0" encoding="utf-8"?>

<!--
Name - name of mission
Hidden : 1 - hidden mission. Accessible mission after complete of the previous mission; 0 - displayed mission. First mission has to be visible; 

MaxPages - the quantity of pages max. 20
PageDescX - Max. page 20 (PageDesc1.. PageDesc20) 
MaxImages - the quantity of pictures. Max. 4
szFile1 - first picture
szFile2 - second picture
szFile3 - third picture
szFile4 - fourth picture
ImageDesc1 - the description of first picture
ImageDesc2 - the description of second picture
ImageDesc3 - the description of third picture
ImageDesc4 - the description of fourth picture
ImagePosition1X - position X of first picture
ImagePosition1Y - position Y of first picture
ImagePosition2X - position X of second picture
ImagePosition2Y - position Y of second picture
ImagePosition3X - position X of third picture
ImagePosition3Y - position Y of third picture
ImagePosition4X - position X of fourth picture
ImagePosition4Y - position Y of fourth picture
szSounds - The speech of the briefing.
NextMission - After the mission complete, activate the next mission. Write number ID of the next mission.
-->

<ENCYCLOPEDIA>
		<!-- Mission 1 -->
	<DATA>
		<uiIndex>0</uiIndex>
		<Name>Mission 1 :</Name>
		<EnableDesc>0</EnableDesc>
		<Hidden>0</Hidden>
		<SectorX>9</SectorX>
		<SectorY>1</SectorY>
		<Level>0</Level>
		<Type>1</Type>
		<MaxPages>1</MaxPages>
		<PageDesc1>September 15th, 1992. Terrorists have taken control of the american embassy in london. Labelling themselves the democratic liberation front they have already killed one diplomat. the metropolitan police have thus passed control to your team. You must rescue the remaining four hostages, and get your men out in one piece. Do not fail; You must rescue at least three of the hostages to enhance your team's reputation.</PageDesc1>
		<PageDesc2></PageDesc2>
		<PageDesc3></PageDesc3>
		<PageDesc4></PageDesc4>
		<MaxImages>3</MaxImages>
		<szFile1>BriefingRoom\sabre_team\mi1.sti</szFile1>
		<szFile2>BriefingRoom\sabre_team\mi2.sti</szFile2>
		<szFile3>BriefingRoom\sabre_team\mi3.sti</szFile3>
		<szFile4></szFile4>
		<ImageDesc1>no description</ImageDesc1>
		<ImageDesc2></ImageDesc2>
		<ImageDesc3></ImageDesc3>
		<ImageDesc4></ImageDesc4>
		<ImagePosition1X>120</ImagePosition1X>
		<ImagePosition1Y>55</ImagePosition1Y>
		<ImagePosition2X>120</ImagePosition2X>
		<ImagePosition2Y>55</ImagePosition2Y>
		<ImagePosition3X>120</ImagePosition3X>
		<ImagePosition3Y>55</ImagePosition3Y>
		<ImagePosition4X></ImagePosition4X>
		<ImagePosition4Y></ImagePosition4Y>
		<szSounds>BriefingRoom\sabre_team\bspeechs_1.wav</szSounds>
		<NextMission>1</NextMission>
	</DATA>
		<!-- Mission 2 -->
	<DATA>
		<uiIndex>1</uiIndex>
		<Name>Mission 2 :</Name>
		<EnableDesc>0</EnableDesc>
		<Hidden>0</Hidden>
		<SectorX>10</SectorX>
		<SectorY>1</SectorY>
		<Level>0</Level>
		<Type>1</Type>
		<MaxPages>1</MaxPages>
		<PageDesc1>Deep in the malayan jungle a series of heated political arguments culminates in the deaths of four u.n.soldiers. Not content with this the malayan terrorists have imprisoned four u.n.diplomats. As the leading anti-terrorist organisation you must infiltrate the enemy camp and release the hostages. Having done this you must guide them and your team out of the camp to a waiting helicopter. Remember, less than three hostages rescued will mean failure.</PageDesc1>
		<PageDesc2></PageDesc2>
		<PageDesc3></PageDesc3>
		<PageDesc4></PageDesc4>		
		<MaxImages>0</MaxImages>
		<szFile1></szFile1>
		<szFile2></szFile2>
		<szFile3></szFile3>
		<szFile4></szFile4>
		<ImageDesc1>no description</ImageDesc1>
		<ImageDesc2></ImageDesc2>
		<ImageDesc3></ImageDesc3>
		<ImageDesc4></ImageDesc4>
		<ImagePosition1X>90</ImagePosition1X>
		<ImagePosition1Y>55</ImagePosition1Y>
		<ImagePosition2X>90</ImagePosition2X>
		<ImagePosition2Y>55</ImagePosition2Y>
		<ImagePosition3X></ImagePosition3X>
		<ImagePosition3Y></ImagePosition3Y>
		<ImagePosition4X></ImagePosition4X>
		<ImagePosition4Y></ImagePosition4Y>
		<szSounds>BriefingRoom\sabre_team\bspeechs_2.wav</szSounds>
		<NextMission>2</NextMission>
	</DATA>
		<!-- Mission 3 -->
	<DATA>
		<uiIndex>2</uiIndex>
		<Name>Mission 3 :</Name>
		<EnableDesc>0</EnableDesc>
		<Hidden>0</Hidden>
		<SectorX>10</SectorX>
		<SectorY>1</SectorY>
		<Level>0</Level>
		<Type>1</Type>
		<MaxPages>1</MaxPages>
		<PageDesc1>A luxury cruise ship has been hijacked whilst sailing through the bay of biscay. The terrorists have locked all the passengers below deck, and are currently sailing towards libya. They have threatened to kill at least forty passengers when they reach the strait of gibraltar. You must wipe out all the terrorists before its too late. Beware; innocent crew members are being held above deck and must not be shot.</PageDesc1>
		<PageDesc2></PageDesc2>
		<PageDesc3></PageDesc3>
		<PageDesc4></PageDesc4>		
		<MaxImages>0</MaxImages>
		<szFile1></szFile1>
		<szFile2></szFile2>
		<szFile3></szFile3>
		<szFile4></szFile4>
		<ImageDesc1>no description</ImageDesc1>
		<ImageDesc2></ImageDesc2>
		<ImageDesc3></ImageDesc3>
		<ImageDesc4></ImageDesc4>
		<ImagePosition1X>90</ImagePosition1X>
		<ImagePosition1Y>55</ImagePosition1Y>
		<ImagePosition2X>90</ImagePosition2X>
		<ImagePosition2Y>55</ImagePosition2Y>
		<ImagePosition3X></ImagePosition3X>
		<ImagePosition3Y></ImagePosition3Y>
		<ImagePosition4X></ImagePosition4X>
		<ImagePosition4Y></ImagePosition4Y>
		<szSounds>BriefingRoom\sabre_team\bspeechs_4.wav</szSounds>
		<NextMission>3</NextMission>
	</DATA>
		<!-- Mission 4 -->
	<DATA>
		<uiIndex>3</uiIndex>
		<Name>Mission 4 :</Name>
		<EnableDesc>0</EnableDesc>
		<Hidden>0</Hidden>
		<SectorX>10</SectorX>
		<SectorY>1</SectorY>
		<Level>0</Level>
		<Type>1</Type>
		<MaxPages>1</MaxPages>
		<PageDesc1>A middle eastern dictator has developed an advanced missile launching system. Each of his strategic missiles have launch codes of great complexity. Your team must destroy the four machines which hold these codes, and thus render the missiles harmless. To do this they will have to enter a heavily guarded fortress set in the side of a mountain. Do not fail; the world could depend on it.</PageDesc1>
		<PageDesc2></PageDesc2>
		<PageDesc3></PageDesc3>
		<PageDesc4></PageDesc4>		
		<MaxImages>0</MaxImages>
		<szFile1></szFile1>
		<szFile2></szFile2>
		<szFile3></szFile3>
		<szFile4></szFile4>
		<ImageDesc1>no description</ImageDesc1>
		<ImageDesc2></ImageDesc2>
		<ImageDesc3></ImageDesc3>
		<ImageDesc4></ImageDesc4>
		<ImagePosition1X>90</ImagePosition1X>
		<ImagePosition1Y>55</ImagePosition1Y>
		<ImagePosition2X>90</ImagePosition2X>
		<ImagePosition2Y>55</ImagePosition2Y>
		<ImagePosition3X></ImagePosition3X>
		<ImagePosition3Y></ImagePosition3Y>
		<ImagePosition4X></ImagePosition4X>
		<ImagePosition4Y></ImagePosition4Y>
		<szSounds>BriefingRoom\sabre_team\bspeechs_3.wav</szSounds>
		<NextMission>4</NextMission>
	</DATA>
		<!-- Mission 5 -->
	<DATA>
		<uiIndex>4</uiIndex>
		<Name>Mission 5 :</Name>
		<EnableDesc>0</EnableDesc>
		<Hidden>0</Hidden>
		<SectorX>10</SectorX>
		<SectorY>1</SectorY>
		<Level>0</Level>
		<Type>1</Type>
		<MaxPages>1</MaxPages>
		<PageDesc1>In the heart of the gobi desert lies a missile manufacturing plant. News has reached us, via reliable sources, that there are missile guidance systems held there. We also believe that they are programmed to guide missiles to various western capitals, including london. You must get into the plant and destroy all four machines. This will be your team's toughest challenge yet. good luck!</PageDesc1>
		<PageDesc2></PageDesc2>
		<PageDesc3></PageDesc3>
		<PageDesc4></PageDesc4>		
		<MaxImages>0</MaxImages>
		<szFile1></szFile1>
		<szFile2></szFile2>
		<szFile3></szFile3>
		<szFile4></szFile4>
		<ImageDesc1>no description</ImageDesc1>
		<ImageDesc2></ImageDesc2>
		<ImageDesc3></ImageDesc3>
		<ImageDesc4></ImageDesc4>
		<ImagePosition1X>90</ImagePosition1X>
		<ImagePosition1Y>55</ImagePosition1Y>
		<ImagePosition2X>90</ImagePosition2X>
		<ImagePosition2Y>55</ImagePosition2Y>
		<ImagePosition3X></ImagePosition3X>
		<ImagePosition3Y></ImagePosition3Y>
		<ImagePosition4X></ImagePosition4X>
		<ImagePosition4Y></ImagePosition4Y>
		<szSounds>BriefingRoom\sabre_team\bspeechs_5.wav</szSounds>
		<NextMission>5</NextMission>
	</DATA>
		<!-- Mission 6 -->
	<DATA>
		<uiIndex>5</uiIndex>
		<Name>Mission 6 : </Name>
		<EnableDesc>0</EnableDesc>
		<Hidden>0</Hidden>
		<SectorX>10</SectorX>
		<SectorY>1</SectorY>
		<Level>0</Level>
		<Type>1</Type>
		<MaxPages>4</MaxPages>
		<PageDesc1>Page 1</PageDesc1>
		<PageDesc2>Page 2</PageDesc2>
		<PageDesc3>Page 3</PageDesc3>
		<PageDesc4>Page 4</PageDesc4>
		<MaxImages>2</MaxImages>
		<szFile1>Encyclopedia\Maps\d2.sti</szFile1>
		<szFile2>Encyclopedia\Maps\d2_sam.sti</szFile2>
		<szFile3></szFile3>
		<szFile4></szFile4>
		<ImageDesc1>no description</ImageDesc1>
		<ImageDesc2>no description</ImageDesc2>
		<ImageDesc3></ImageDesc3>
		<ImageDesc4></ImageDesc4>
		<ImagePosition1X>90</ImagePosition1X>
		<ImagePosition1Y>55</ImagePosition1Y>
		<ImagePosition2X>90</ImagePosition2X>
		<ImagePosition2Y>55</ImagePosition2Y>
		<ImagePosition3X></ImagePosition3X>
		<ImagePosition3Y></ImagePosition3Y>
		<ImagePosition4X></ImagePosition4X>
		<ImagePosition4Y></ImagePosition4Y>
		<szSounds></szSounds>
		<NextMission>-1</NextMission>
	</DATA>
</ENCYCLOPEDIA>