﻿<?xml version="1.0" encoding="utf-8"?>

<!--

In this file you can specifiy the "Subject" text of emails.
	
	uiIndex = Each uiIndex represents a mail Subject
			  The uiIndex are mapped to specific lines in the EMAIL.EDT file				  
	Name	= The Name of the Subject
	
Each A.I.M merc has an entry here in the file, mapped to a specific uiIndex.

-->

<SENDER_LIST>
	<NAME>
		<!-- Mails from Enrico -->
		<uiIndex>0</uiIndex>
		<Name>Enrico</Name>
	</NAME>
	<NAME>
		<!-- Mails from Psyich Pro Inc (IMP) -->
		<uiIndex>1</uiIndex>
		<Name>Psych Pro Inc</Name>
	</NAME>
	<NAME>
		<!-- Mails from Help Desk -->
		<uiIndex>2</uiIndex>
		<Name>Help Desk</Name>
	</NAME>
	<NAME>
		<!-- Mails from Psyich Pro Inc (IMP) -->
		<uiIndex>3</uiIndex>
		<Name>Psych Pro Inc</Name>
	</NAME>
	<NAME>
		<!-- Mails from Speck -->
		<uiIndex>4</uiIndex>
		<Name>Speck</Name>
	</NAME>
	<NAME>
		<!-- Mails from R.I.S -->
		<uiIndex>5</uiIndex>
		<Name>R.I.S.</Name>
	</NAME>
	<NAME>
		<uiIndex>6</uiIndex>
		<Name>None</Name>
	</NAME>
	<NAME>
		<uiIndex>7</uiIndex>
		<Name>None</Name>
	</NAME>
	<NAME>
		<uiIndex>8</uiIndex>
		<Name>None</Name>
	</NAME>
	<NAME>
		<uiIndex>9</uiIndex>
		<Name>None</Name>
	</NAME>
	<NAME>
		<uiIndex>10</uiIndex>
		<Name>None</Name>
	</NAME>
	<NAME>
		<uiIndex>11</uiIndex>
		<Name>None</Name>
	</NAME>
	<NAME>
		<uiIndex>12</uiIndex>
		<Name>None</Name>
	</NAME>
	<NAME>
		<uiIndex>13</uiIndex>
		<Name>None</Name>
	</NAME>
	<NAME>
		<uiIndex>14</uiIndex>
		<Name>None</Name>
	</NAME>
	<NAME>
		<uiIndex>15</uiIndex>
		<Name>None</Name>
	</NAME>
	<NAME>
		<uiIndex>16</uiIndex>
		<Name>None</Name>
	</NAME>
	<NAME>
		<uiIndex>17</uiIndex>
		<Name>None</Name>
	</NAME>
	<NAME>
		<uiIndex>18</uiIndex>
		<Name>None</Name>
	</NAME>
	<NAME>
		<uiIndex>19</uiIndex>
		<Name>None</Name>
	</NAME>
	<NAME>
		<uiIndex>20</uiIndex>
		<Name>None</Name>
	</NAME>
	<NAME>
		<uiIndex>21</uiIndex>
		<Name>None</Name>
	</NAME>
	<NAME>
		<uiIndex>22</uiIndex>
		<Name>None</Name>
	</NAME>
	<NAME>
		<uiIndex>23</uiIndex>
		<Name>None</Name>
	</NAME>
	<NAME>
		<uiIndex>24</uiIndex>
		<Name>None</Name>
	</NAME>
	<NAME>
		<uiIndex>25</uiIndex>
		<Name>None</Name>
	</NAME>
	<NAME>
		<uiIndex>26</uiIndex>
		<Name>None</Name>
	</NAME>
	<NAME>
		<uiIndex>27</uiIndex>
		<Name>None</Name>
	</NAME>	
	<NAME>
		<uiIndex>28</uiIndex>
		<Name>None</Name>
	</NAME>
	<NAME>
		<uiIndex>29</uiIndex>
		<Name>None</Name>
	</NAME>
	<NAME>
		<uiIndex>30</uiIndex>
		<Name>None</Name>
	</NAME>
	<NAME>
		<uiIndex>31</uiIndex>
		<Name>None</Name>
	</NAME>
	<NAME>
		<uiIndex>32</uiIndex>
		<Name>None</Name>
	</NAME>		
	<NAME>
		<uiIndex>33</uiIndex>
		<Name>None</Name>
	</NAME>
	<NAME>
		<uiIndex>34</uiIndex>
		<Name>None</Name>
	</NAME>	
	<NAME>
		<uiIndex>35</uiIndex>
		<Name>None</Name>
	</NAME>	
	<NAME>
		<uiIndex>36</uiIndex>
		<Name>None</Name>
	</NAME>
	<NAME>
		<uiIndex>37</uiIndex>
		<Name>None</Name>
	</NAME>
	<NAME>
		<uiIndex>38</uiIndex>
		<Name>None</Name>
	</NAME>

	<NAME>
		<uiIndex>39</uiIndex>
		<Name>None</Name>
	</NAME>
	<NAME>
		<uiIndex>40</uiIndex>
		<Name>None</Name>
	</NAME>
	<NAME>
		<uiIndex>41</uiIndex>
		<Name>None</Name>
	</NAME>
	<NAME>
		<uiIndex>42</uiIndex>
		<Name>None</Name>
	</NAME>
	<NAME>
		<uiIndex>43</uiIndex>
		<Name>None</Name>
	</NAME>
	<NAME>
		<uiIndex>44</uiIndex>
		<Name>None</Name>
	</NAME>
	<NAME>
		<uiIndex>45</uiIndex>
		<Name>None</Name>
	</NAME>
	<NAME>
		<!-- Mails from M.I.S Insurance -->
		<uiIndex>46</uiIndex>
		<Name>M.I.S. Insurance</Name>
	</NAME>
	<NAME>
		<!-- Mails from Bobby Rays -->
		<uiIndex>47</uiIndex>
		<Name>Bobby Rays</Name>
	</NAME>	
	<NAME>
		<!-- Mails from Kingpin -->
		<uiIndex>48</uiIndex>
		<Name>Kingpin</Name>
	</NAME>
	<NAME>
		<!-- Mails from John Kulba -->
		<uiIndex>49</uiIndex>
		<Name>John Kulba</Name>
	</NAME>
	<NAME>
		<!-- Mails from A.I.M. -->
		<uiIndex>50</uiIndex>
		<Name>A.I.M.</Name>
	</NAME>
	<NAME>
		<uiIndex>51</uiIndex>
		<Name>Art</Name>
	</NAME>
	<NAME>
		<uiIndex>52</uiIndex>
		<Name>None</Name>
	</NAME>
	<NAME>
		<uiIndex>53</uiIndex>
		<Name>None</Name>
	</NAME>
	<NAME>
		<uiIndex>54</uiIndex>
		<Name>None</Name>
	</NAME>
	<NAME>
		<uiIndex>55</uiIndex>
		<Name>None</Name>
	</NAME>
	<NAME>
		<uiIndex>56</uiIndex>
		<Name>None</Name>
	</NAME>
	<NAME>
		<uiIndex>57</uiIndex>
		<Name>None</Name>
	</NAME>
	<NAME>
		<uiIndex>58</uiIndex>
		<Name>None</Name>
	</NAME>
</SENDER_LIST>