<!--

This file defines garrisons in game.

Fields index:
	Sector  		- it is where garrison will be sitting. Provide valid sector name.

	Composition		- it is composition index of garrison. Composition define quantity
				  and quality of enemy forces. Look into ArmyCompositions.xml for
				  more information.

NOTE: Maximum 100 garrisons can be used in game.

Changes require starting of a new game.

-->
<GARRISON_INFO>
	<GARRISON>
		<Sector>P3</Sector>
		<Composition>0</Composition>
	</GARRISON>
	<GARRISON>
		<Sector>D13</Sector>
		<Composition>27</Composition>
	</GARRISON>
</GARRISON_INFO>
